"id_curriculo";"codigo";"nome_matriz";"id_curso";"nome_curso";"semestre_conclusao_minimo";"semestre_conclusao_ideal";"semestre_conclusao_maximo";"meses_conclusao_minimo";"meses_conclusao_ideal";"meses_conclusao_maximo";"cr_total_minimo";"ch_total_minima";"ch_optativas_minima";"ch_complementar_minima";"max_eletivos";"ch_nao_atividade_obrigatoria";"cr_nao_atividade_obrigatorio";"ch_atividade_obrigatoria";"cr_minimo_semestre";"cr_ideal_semestre";"cr_maximo_semestre";"ch_minima_semestre";"ch_ideal_semestre";"ch_maxima_semestre";"periodo_entrada_vigor";"ano_entrada_vigor";"observacao"
"95617859";"01";"GESTÃO PÚBLICA - CAICÓ - I - TECNOLÓGICO";"92017023";"GESTÃO PÚBLICA";"5";"5";"6";"";"";"";"114";"1710";"0";"0";"240";"1710";"114";"0";"6";"24";"26";"240";"";"0";"1";"2013";""
"129841126";"MFC2018";"";"93262777";"PROGRAMA DE RESIDÊNCIA MÉDICA EM MEDICINA DA FAMÍLIA E COMUNIDADE";"";"";"";"";"";"";"0";"5640";"0";"";"0";"0";"0";"0";"";"";"";"0";"";"";"1";"2018";""
"151090618";"04";"ENGENHARIA DE MATERIAIS - NATAL - MT";"2000027";"ENGENHARIA DE MATERIAIS";"10";"10";"14";"";"";"";"80";"3680";"420";"190";"600";"2820";"80";"250";"";"";"";"";"";"0";"1";"2021";""
"118994646";"M2016";"";"91805256";"MESTRADO EM CIÊNCIAS CLIMÁTICAS";"12";"24";"24";"12";"24";"24";"20";"315";"60";"";"0";"240";"16";"15";"";"";"";"1";"";"";"2";"2016";""
"131750215";"RPDHUAB";"";"93262776";"PROGRAMA DE RESIDÊNCIA MÉDICA EM PEDIATRIA";"";"";"";"";"";"";"0";"5760";"0";"";"0";"577";"0";"5183";"";"";"";"0";"";"";"1";"2018";""
"129796929";"2017";"";"114941932";"MESTRADO PROFISSIONAL EM ENSINO DE FÍSICA EM REDE NACIONAL";"12";"";"24";"12";"";"24";"32";"480";"120";"";"0";"360";"24";"0";"";"";"";"0";"";"";"1";"2017";""
"130300830";"DOUT17";"";"108847150";"DOUTORADO EM ENSINO DE CIÊNCIAS E MATEMÁTICA";"24";"";"48";"24";"";"48";"12";"420";"90";"";"0";"330";"6";"0";"";"";"";"0";"";"";"2";"2017";""
"129618436";"CIR2018";"";"116724072";"RESIDÊNCIA MÉDICA EM CIRURGIA GERAL/RESCIRG/EMCM";"";"";"";"";"";"";"0";"5760";"0";"";"0";"0";"0";"0";"";"";"";"0";"";"";"1";"2018";""
"139778396";"05";"NUTRIÇÃO - NATAL - MT - FORMAÇÃO";"2000058";"NUTRIÇÃO";"10";"10";"15";"";"";"";"86";"4000";"400";"200";"600";"2520";"86";"880";"";"";"";"30";"";"600";"1";"2020";""
"126121649";"2018";"";"5036031";"RESIDÊNCIA MÉDICA EM ENDOCRINOLOGIA";"";"";"";"";"";"";"0";"5520";"0";"";"0";"480";"0";"5040";"";"";"";"0";"";"";"1";"2018";""
"130365421";"2018";"";"5036023";"RESIDÊNCIA EM CIRURGIA E TRAUMATOLOGIA BUCO-MAXILO-FACIAIS";"";"";"";"";"";"";"0";"8610";"0";"";"0";"780";"0";"7830";"";"";"";"0";"";"";"1";"2018";""
"132508174";"DERHUOL";"";"5036030";"RESIDÊNCIA MÉDICA EM DERMATOLOGIA";"";"";"";"";"";"";"0";"8640";"0";"";"0";"0";"0";"0";"";"";"";"0";"";"";"1";"2018";""
"151543388";"MEST21";"";"315737";"MESTRADO EM PSICOLOGIA";"12";"";"24";"12";"";"24";"4";"270";"60";"";"0";"150";"0";"60";"";"";"";"";"";"";"1";"2021";""
"134976532";"GTRHUOL";"";"134975375";"RESIDÊNCIA MÉDICA EM GASTROENTEROLOGIA";"";"";"";"";"";"";"0";"6160";"0";"";"0";"576";"0";"5584";"";"";"";"0";"";"";"1";"2019";""
"134997772";"GEO2019";"";"134098682";"MESTRADO EM GEOGRAFIA - CERES";"12";"";"24";"12";"";"24";"22";"360";"270";"";"0";"60";"4";"30";"";"";"";"0";"";"";"1";"2019";""
"136521167";"CARHUOL";"";"5036026";"RESIDÊNCIA MÉDICA EM CARDIOLOGIA";"";"";"";"";"";"";"0";"5760";"0";"";"0";"420";"0";"5340";"";"";"";"0";"";"";"1";"2019";""
"149656396";"01";"ADMINISTRAÇÃO PÚBLICA - NATAL - N";"149654895";"ADMINISTRAÇÃO PÚBLICA";"8";"8";"12";"";"";"";"8";"3000";"780";"180";"60";"1980";"8";"60";"";"";"";"";"";"0";"1";"2021";""
"131558756";"GO-MEJC";"";"5036038";"RESIDÊNCIA MÉDICA EM GINECOLOGIA E OBSTETRÍCIA";"";"";"";"";"";"";"0";"8640";"0";"";"0";"1212";"0";"7592";"";"";"";"0";"";"";"1";"2018";""
"91477917";"MP01";"";"91477182";"MESTRADO PROFISSIONAL EM ARQUITETURA, PROJETO E MEIO AMBIENTE";"18";"24";"24";"18";"24";"24";"0";"255";"0";"";"0";"255";"0";"0";"1";"8";"12";"0";"";"";"2";"2010";""
"131051103";"URO2018";"";"5036037";"RESIDÊNCIA MÉDICA EM UROLOGIA";"";"";"";"";"";"";"0";"8400";"0";"";"0";"354";"0";"8046";"";"";"";"0";"";"";"1";"2018";""
"121627123";"ITE17";"";"121508460";"MESTRADO PROFISSIONAL EM INOVAÇÃO EM TECNOLOGIAS EDUCACIONAIS";"12";"24";"24";"12";"24";"24";"12";"360";"180";"";"0";"180";"0";"0";"";"";"";"0";"";"";"1";"2017";""
"123438351";"02";"";"11519550";"MESTRADO EM ESTUDOS DA MÍDIA";"12";"24";"30";"12";"24";"24";"26";"390";"90";"";"0";"300";"20";"0";"";"";"";"0";"";"";"1";"2017";""
"136013551";"ECL19M";"";"9513330";"MESTRADO EM ECOLOGIA";"12";"";"24";"12";"";"24";"7";"315";"105";"";"0";"210";"0";"0";"";"";"";"0";"";"";"1";"2019";""
"151537969";"DOUT21";"";"147308656";"DOUTORADO PROFISSIONAL EM SAUDE DA FAMILIA";"24";"";"48";"24";"";"48";"34";"1034";"270";"";"0";"240";"16";"524";"";"";"";"";"";"";"1";"2021";""
"150613606";"RAD2021";"";"5036036";"RESIDÊNCIA MÉDICA EM RADIOLOGIA";"";"";"";"";"";"";"0";"8640";"0";"";"0";"0";"0";"0";"";"";"";"0";"";"";"1";"2021";""
"99508764";"05";"";"315779";"MESTRADO EM DIREITO";"12";"24";"24";"12";"24";"24";"30";"450";"270";"";"0";"180";"12";"0";"1";"16";"30";"0";"";"";"2";"2013";""
"122313218";"FST-D17";"";"95726200";"DOUTORADO EM FISIOTERAPIA";"24";"48";"48";"24";"48";"48";"36";"600";"360";"";"0";"240";"12";"0";"";"";"";"1";"";"";"1";"2017";""
"151253471";"DOUT21";"";"9285380";"DOUTORADO EM BIOQUÍMICA E BIOLOGIA MOLECULAR";"24";"";"48";"24";"";"48";"30";"450";"255";"";"0";"195";"13";"0";"";"";"";"";"";"";"1";"2021";""
"127185217";"mec18m";"";"315751";"MESTRADO EM ENGENHARIA MECÂNICA";"12";"24";"24";"12";"24";"24";"24";"360";"300";"";"0";"60";"4";"0";"";"";"";"0";"";"";"1";"2018";""
"146023411";"NNT2020";"";"5036041";"RESIDÊNCIA MÉDICA EM NEONATOLOGIA";"";"";"";"";"";"";"0";"5760";"0";"";"0";"0";"0";"0";"";"";"";"0";"";"";"1";"2020";""
"133039335";"POP19M";"";"50798281";"MESTRADO EM DEMOGRAFIA";"12";"";"24";"12";"";"24";"4";"390";"60";"";"0";"330";"0";"0";"";"";"";"0";"";"";"1";"2019";""
"95955514";"001";"";"95868917";"MESTRADO EM MÚSICA";"12";"24";"24";"12";"24";"24";"24";"360";"75";"";"0";"285";"19";"0";"1";"16";"32";"1";"";"";"1";"2013";""
"119177058";"02";"CIÊNCIAS E TECNOLOGIA - NATAL - MTN - BACHARELADO";"10320810";"CIÊNCIAS E TECNOLOGIA";"7";"7";"10";"";"";"";"0";"2400";"730";"120";"600";"1350";"0";"200";"180";"420";"480";"60";"";"0";"2";"2016";""
"115306301";"02";"CIÊNCIAS E TECNOLOGIA - NATAL - N - BACHARELADO";"10320810";"CIÊNCIAS E TECNOLOGIA";"7";"7";"10";"";"";"";"32";"2400";"240";"120";"600";"2040";"32";"0";"4";"24";"42";"60";"";"0";"1";"2016";""
"134976957";"GEDHUOL";"";"88337493";"RESIDÊNCIA MÉDICA EM GASTROENTEROLOGIA - ENDOSCOPIA DIGESTIVA";"";"";"";"";"";"";"0";"2880";"0";"";"0";"0";"0";"0";"";"";"";"0";"";"";"1";"2019";""
"115305512";"02";"CIÊNCIAS E TECNOLOGIA - NATAL - MT - BACHARELADO";"10320810";"CIÊNCIAS E TECNOLOGIA";"6";"6";"9";"";"";"";"32";"2400";"240";"120";"600";"2040";"32";"0";"4";"24";"42";"60";"";"0";"1";"2016";""
"137732764";"dCO/CL";"";"130260440";"DOUTORADO EM CIÊNCIAS ODONTOLÓGICAS";"24";"";"48";"24";"";"48";"22";"540";"330";"";"0";"210";"0";"0";"";"";"";"0";"";"";"2";"2018";""
"20849290";"01";"";"2060661";"RESIDÊNCIA MÉDICA EM UROLOGIA";"18";"24";"30";"";"";"";"0";"317";"0";"";"240";"0";"0";"317";"0";"0";"0";"200";"";"";"1";"2007";""
"132111265";"mpart2";"";"106146377";"MESTRADO PROFISSIONAL EM ARTES - PROFARTES";"12";"";"24";"12";"";"24";"8";"420";"120";"";"0";"300";"0";"0";"";"";"";"0";"";"";"2";"2018";""
"129993367";"06";"";"315735";"MESTRADO EM PSICOBIOLOGIA";"12";"";"24";"12";"";"24";"6";"315";"90";"";"0";"225";"0";"0";"";"";"";"0";"";"";"1";"2018";""
"151544157";"DOUT21";"";"17275730";"DOUTORADO EM PSICOLOGIA";"24";"";"48";"24";"";"48";"6";"390";"90";"";"0";"180";"0";"120";"";"";"";"";"";"";"1";"2021";""
"135411668";"GTES19";"";"133255820";"MESTRADO PROFISSIONAL EM GESTÃO, TRABALHO, EDUCAÇÃO E SAÚDE";"12";"";"24";"12";"";"24";"12";"360";"180";"";"0";"180";"0";"0";"";"";"";"0";"";"";"1";"2019";""
"127573809";"RCM2017";"";"116724073";"RESIDÊNCIA MÉDICA EM CLÍNICA MÉDICA/RESCLMED/EMCM";"";"";"";"";"";"";"0";"5760";"0";"";"0";"0";"0";"0";"";"";"";"0";"";"";"1";"2017";""
"126820854";"1A";"";"117522695";"RESIDENCIA EM ANESTESIOLOGIA/RESANES/HUAB";"";"";"";"";"";"";"0";"8600";"0";"";"0";"827";"0";"7773";"";"";"";"0";"";"";"1";"2017";""
"129011062";"MFC2018";"";"116724071";"RESIDÊNCIA MÉDICA EM MEDICINA DE FAMÍLIA E COMUNIDADE/RESMMFC/EMCM";"";"";"";"";"";"";"0";"5760";"0";"";"0";"0";"0";"0";"";"";"";"0";"";"";"1";"2018";""
"151253665";"MEST21";"";"315769";"MESTRADO EM BIOQUÍMICA E BIOLOGIA MOLECULAR";"12";"";"24";"12";"";"24";"20";"300";"135";"";"0";"165";"11";"0";"";"";"";"";"";"";"1";"2021";""
"133797961";"03";"TECNOLOGIA DA INFORMAÇÃO - NATAL - N - BACHARELADO";"92127264";"TECNOLOGIA DA INFORMAÇÃO";"9";"9";"13";"";"";"";"0";"2600";"1200";"140";"600";"1260";"0";"0";"";"";"";"30";"";"420";"1";"2019";""
"136916099";"RMI2019";"";"116724074";"RESIDÊNCIA EM SAÚDE MATERNO-INFANTIL/RESSMI/EMCM";"";"";"";"";"";"";"0";"5578";"0";"";"0";"390";"0";"4773";"";"";"";"0";"";"";"1";"2019";""
"104458277";"ARQ14D";"";"315767";"DOUTORADO EM ARQUITETURA E URBANISMO";"24";"48";"48";"24";"48";"48";"12";"180";"90";"";"0";"90";"6";"0";"1";"12";"24";"0";"";"";"1";"2014";""
"135321074";"Dout18";"";"84739891";"DOUTORADO EM SAÚDE COLETIVA";"24";"";"48";"24";"";"48";"28";"420";"420";"";"0";"0";"0";"0";"";"";"";"0";"";"";"2";"2018";""
"509855090";"001";"";"50839645";"MESTRADO EM SISTEMÁTICA E EVOLUÇÃO";"12";"24";"24";"12";"24";"24";"6";"360";"90";"";"0";"270";"0";"0";"1";"16";"20";"0";"";"";"1";"2011";""
"130026529";"ESP2018";"";"130026449";"RESIDÊNCIA ALUNOS ESPECIAIS PPG";"";"";"";"";"";"";"0";"210";"0";"";"0";"165";"0";"45";"";"";"";"0";"";"";"1";"2018";""
"136014403";"ECL19D";"";"9300592";"DOUTORADO EM ECOLOGIA";"24";"";"48";"24";"";"48";"6";"360";"90";"";"0";"270";"0";"0";"";"";"";"0";"";"";"1";"2019";""
"140686491";"RMN2020";"";"140686470";"RESIDÊNCIA MÉDICA EM NEFROLOGIA";"";"";"";"";"";"";"0";"5760";"0";"";"0";"372";"0";"5346";"";"";"";"0";"";"";"1";"2020";""
"105113512";"L002";"";"95868917";"MESTRADO EM MÚSICA";"12";"24";"24";"12";"24";"24";"24";"360";"75";"";"0";"285";"19";"0";"1";"16";"32";"1";"";"";"1";"2013";""
"139977";"01";"";"315730";"MESTRADO EM GEOCIÊNCIAS";"12";"24";"36";"";"";"";"0";"0";"0";"";"240";"0";"0";"0";"1";"12";"24";"";"0";"";"1";"1996";""
"140068";"MM";"";"315785";"MESTRADO EM MATEMÁTICA APLICADA E ESTATÍSTICA";"12";"24";"24";"12";"24";"24";"11";"165";"135";"";"240";"30";"2";"0";"2";"12";"16";"1";"0";"";"2";"2006";""
"115803290";"02";"CIÊNCIAS E TECNOLOGIA - NATAL - MTN - BACHARELADO";"10320810";"CIÊNCIAS E TECNOLOGIA";"7";"7";"10";"";"";"";"36";"2400";"240";"120";"600";"2040";"36";"0";"4";"24";"32";"60";"";"0";"1";"2016";""
"139956";"01";"";"315768";"MESTRADO EM BIOECOLOGIA AQUÁTICA";"12";"24";"30";"";"";"";"0";"0";"0";"";"240";"0";"0";"0";"1";"12";"99";"";"0";"";"0";"0";""
"137734884";"dCO/BI";"";"130260440";"DOUTORADO EM CIÊNCIAS ODONTOLÓGICAS";"24";"";"48";"24";"";"48";"20";"540";"300";"";"0";"240";"0";"0";"";"";"";"0";"";"";"2";"2018";""
"134575061";"OTGHUOL";"";"5036046";"RESIDÊNCIA MÉDICA EM OTORRINOLARINGOLOGIA";"";"";"";"";"";"";"0";"8675";"0";"";"0";"354";"0";"8286";"";"";"";"0";"";"";"1";"2019";""
"134977008";"GHPHUOL";"";"88337494";"RESIDÊNCIA MÉDICA EM GASTROENTEROLOGIA - HEPATOLOGIA";"";"";"";"";"";"";"0";"2880";"0";"";"0";"0";"0";"0";"";"";"";"0";"";"";"1";"2019";""
"129993616";"04";"";"315736";"DOUTORADO EM PSICOBIOLOGIA";"24";"";"48";"24";"";"48";"2";"150";"30";"";"0";"120";"0";"0";"";"";"";"0";"";"";"1";"2018";""
"140031";"02";"";"315755";"MESTRADO EM ENGENHARIA SANITÁRIA E AMBIENTAL";"12";"24";"24";"12";"24";"24";"24";"360";"180";"";"240";"180";"12";"0";"1";"21";"30";"1";"0";"";"1";"2005";""
"86369001";"MSS1";"";"315741";"MESTRADO EM SERVIÇO SOCIAL";"12";"24";"24";"12";"24";"24";"20";"300";"120";"";"0";"180";"12";"0";"3";"12";"24";"1";"";"";"2";"2011";""
"124767317";"PQT2017";"";"5036035";"RESIDÊNCIA MÉDICA EM PSIQUIATRIA";"";"";"";"";"";"";"0";"8662";"0";"";"0";"1050";"0";"7612";"";"";"";"0";"";"";"1";"2017";""
"126769396";"GOB2018";"";"110378615";"RESIDÊNCIA MÉDICA EM GINECOLOGIA E OBSTETRÍCIA";"";"";"";"";"";"";"0";"8640";"0";"";"0";"867";"0";"7773";"";"";"";"0";"";"";"1";"2017";""
"140852569";"TI2020";"";"100181629";"MESTRADO PROFISSIONAL EM TECNOLOGIA DA INFORMAÇÃO";"12";"";"24";"12";"";"24";"24";"360";"330";"";"0";"30";"2";"0";"";"";"";"0";"";"";"1";"2020";""
"132983119";"POP19D";"";"132958656";"DOUTORADO EM DEMOGRAFIA";"24";"";"48";"24";"";"48";"10";"540";"150";"";"0";"390";"0";"0";"";"";"";"0";"";"";"1";"2019";""
"140690828";"RCM2020";"";"140690440";"PROGRAMA DE RESIDÊNCIA MÉDICA EM CLÍNICA MÉDICA";"";"";"";"";"";"";"0";"5760";"0";"";"0";"0";"0";"0";"";"";"";"0";"";"";"1";"2020";""
"140938136";"TUR-M";"";"507421";"MESTRADO EM TURISMO";"12";"";"24";"12";"";"24";"24";"360";"180";"";"0";"180";"12";"0";"";"";"";"0";"";"";"1";"2020";""
"121782311";"mest17";"";"315745";"MESTRADO EM EDUCAÇÃO";"12";"24";"24";"12";"24";"24";"14";"270";"90";"";"0";"120";"8";"60";"";"";"";"0";"";"";"1";"2017";""
"140416500";"PGEL";"";"315757";"MESTRADO EM ESTUDOS DA LINGUAGEM";"12";"";"24";"12";"";"24";"40";"780";"150";"";"0";"450";"30";"180";"";"";"";"0";"";"";"1";"2020";""
"140416945";"PGEL";"";"315758";"DOUTORADO EM ESTUDOS DA LINGUAGEM";"24";"";"48";"24";"";"48";"43";"960";"195";"";"0";"450";"30";"315";"";"";"";"0";"";"";"1";"2020";""
"135321203";"MESTR18";"";"84739860";"MESTRADO EM SAÚDE COLETIVA";"12";"";"24";"12";"";"24";"18";"270";"270";"";"0";"0";"0";"0";"";"";"";"0";"";"";"2";"2018";""
"51438889";"EDF01";"";"50980468";"MESTRADO EM EDUCAÇÃO FÍSICA";"12";"24";"24";"12";"24";"24";"24";"360";"150";"";"0";"210";"14";"0";"4";"12";"20";"1";"";"";"1";"2011";""
"139971";"01";"";"315727";"MESTRADO EM FÍSICA";"12";"24";"24";"12";"24";"24";"0";"0";"0";"";"240";"0";"0";"0";"1";"12";"99";"15";"0";"";"1";"2000";""
"108814104";"05";"MATEMÁTICA - NATAL - MT - BACHARELADO";"2000054";"MATEMÁTICA";"8";"8";"12";"";"";"";"146";"2580";"260";"130";"600";"2190";"146";"0";"2";"22";"34";"60";"";"0";"1";"2015";""
"150172153";"02";"LETRAS - LÍNGUA PORTUGUESA - CURRAIS NOVOS - TN - LICENCIATURA";"118922626";"LETRAS - LÍNGUA PORTUGUESA";"8";"8";"12";"";"";"";"0";"3110";"105";"200";"600";"2205";"0";"600";"1";"98";"99";"15";"";"0";"1";"2021";""
"140046";"4 ";"";"315776";"MESTRADO EM CIÊNCIAS SOCIAIS";"12";"24";"24";"12";"24";"24";"16";"240";"180";"";"240";"60";"4";"0";"1";"1";"99";"0";"0";"";"1";"2004";""
"115306807";"02";"CIÊNCIAS E TECNOLOGIA - NATAL - MT - BACHARELADO";"10320810";"CIÊNCIAS E TECNOLOGIA";"6";"6";"9";"";"";"";"0";"2400";"240";"120";"600";"2040";"0";"0";"4";"24";"42";"60";"";"0";"1";"2016";""
"133579275";"REUHUOL";"";"118776383";"PROGRAMA DE RESIDÊNCIA MÉDICA EM REUMATOLOGIA/RESREUM/HUOL";"";"";"";"";"";"";"0";"5760";"0";"";"0";"288";"0";"2292";"";"";"";"0";"";"";"1";"2018";""
"115307035";"02";"CIÊNCIAS E TECNOLOGIA - NATAL - N - BACHARELADO";"10320810";"CIÊNCIAS E TECNOLOGIA";"7";"7";"10";"";"";"";"0";"2400";"240";"120";"600";"2040";"0";"0";"4";"24";"42";"60";"";"0";"1";"2016";""
"131694511";"EG-MEJC";"";"5036033";"RESIDÊNCIA MÉDICA EM ENDOSCOPIA GINECOLÓGICA";"";"";"";"";"";"";"0";"2880";"0";"";"0";"0";"0";"0";"";"";"";"0";"";"";"1";"2018";""
"133692425";"OFTHUOL";"";"5036045";"RESIDÊNCIA MÉDICA EM OFTALMOLOGIA";"";"";"";"";"";"";"0";"8640";"0";"";"0";"0";"0";"0";"";"";"";"0";"";"";"1";"2018";""
"140944352";"TUR-D";"";"104910434";"DOUTORADO EM TURISMO";"24";"";"48";"24";"";"48";"36";"540";"330";"";"0";"210";"14";"0";"";"";"";"0";"";"";"1";"2020";""
"137734950";"dCO/PA";"";"130260440";"DOUTORADO EM CIÊNCIAS ODONTOLÓGICAS";"24";"";"48";"24";"";"48";"20";"540";"300";"";"0";"240";"0";"0";"";"";"";"0";"";"";"2";"2018";""
"150495538";"02";"MATEMÁTICA - NATAL - MTN - LICENCIATURA";"2000134";"MATEMÁTICA";"8";"8";"12";"";"";"";"181";"3200";"320";"170";"600";"2310";"181";"400";"";"";"";"";"";"590";"1";"2021";""
"139208926";"04";"GEOGRAFIA - NATAL - MTN - LICENCIATURA";"2671321";"GEOGRAFIA";"8";"8";"12";"";"";"";"132";"3260";"360";"200";"600";"1980";"132";"720";"";"";"";"60";"";"540";"1";"2020";""
"127472015";"04";"LETRAS - INGLÊS - NATAL - M";"118840295";"LETRAS - INGLÊS";"8";"8";"12";"";"";"";"127";"3200";"360";"200";"600";"1980";"127";"660";"";"";"";"60";"";"480";"1";"2018";""
"119342519";"ETIM001";"";"119342264";"MESTRADO PROFISSIONAL EM EDUCAÇÃO, TRABALHO E INOVAÇÃO EM MEDICINA";"12";"24";"24";"12";"24";"24";"6";"315";"90";"";"0";"225";"0";"0";"";"";"";"0";"";"";"2";"2016";""
"84869976";"01A";"GESTÃO PÚBLICA - NATAL - MTN - TECNOLÓGICO";"2000160";"GESTÃO PÚBLICA";"5";"5";"7";"";"";"";"0";"1800";"30";"";"240";"1680";"0";"90";"1";"99";"99";"15";"";"";"1";"2011";""
"135317069";"AB2019";"";"116724075";"RESIDÊNCIA EM ATENÇÃO BÁSICA/RESATBAS/EMCM";"";"";"";"";"";"";"0";"5760";"0";"";"0";"975";"0";"4245";"";"";"";"0";"";"";"1";"2019";""
"139173380";"01";"MÚSICA - NATAL - MT";"2000057";"MÚSICA";"8";"8";"12";"";"";"";"68";"3070";"1470";"160";"600";"1020";"68";"420";"";"";"";"30";"";"0";"1";"2018";""
"148773948";"DOUT21";"";"315728";"DOUTORADO EM FÍSICA";"24";"";"48";"24";"";"48";"28";"420";"120";"";"0";"300";"20";"0";"";"";"";"";"";"";"1";"2021";""
"137739432";"mCO/CL";"";"130260333";"MESTRADO EM CIÊNCIAS ODONTOLÓGICAS";"12";"";"24";"12";"";"24";"14";"390";"210";"";"0";"180";"0";"0";"";"";"";"0";"";"";"2";"2018";""
"148773515";"MEST21";"";"315727";"MESTRADO EM FÍSICA";"12";"";"24";"12";"";"24";"24";"360";"60";"";"0";"300";"20";"0";"";"";"";"";"";"";"1";"2021";""
"119510147";"01";"LETRAS - LÍNGUA PORTUGUESA E LIBRAS - NATAL - N";"118921874";"LETRAS - LÍNGUA PORTUGUESA E LIBRAS";"9";"9";"13";"";"";"";"68";"2920";"300";"200";"600";"2020";"68";"400";"";"";"";"180";"";"0";"2";"2016";""
"133667795";"MFCHUOL";"";"5036040";"RESIDÊNCIA MÉDICA EM MEDICINA DE FAMÍLIA E COMUNIDADE";"";"";"";"";"";"";"0";"5760";"0";"";"0";"576";"0";"4896";"";"";"";"0";"";"";"1";"2018";""
"135036378";"PCSHUOL";"";"135035650";"PROGRAMA DE RESIDÊNCIA EM ATENÇÃO PSICOSSOCIAL";"";"";"";"";"";"";"0";"5408";"0";"";"0";"320";"0";"5008";"";"";"";"0";"";"";"1";"2019";""
"96186211";"001";"";"96067713";"MESTRADO PROFISSIONAL EM ENERGIA ELÉTRICA";"18";"24";"24";"18";"24";"24";"16";"360";"240";"";"0";"120";"0";"0";"1";"16";"24";"0";"";"";"1";"2013";""
"141017507";"CASM_1";"";"140178600";"MESTRADO EM CIÊNCIAS APLICADAS À SAÚDE DA MULHER";"12";"";"24";"12";"";"24";"10";"360";"150";"";"0";"210";"0";"0";"";"";"";"0";"";"";"1";"2020";""
"134934351";"LNT-19";"";"98200045";"MESTRADO PROFISSIONAL EM LETRAS";"12";"";"24";"12";"";"24";"24";"360";"120";"";"0";"240";"16";"0";"";"";"";"0";"";"";"1";"2019";""
"121562069";"EUR2017";"";"19106930";"MESTRADO EM ESTUDOS URBANOS E REGIONAIS";"12";"24";"24";"12";"24";"24";"16";"240";"180";"";"0";"60";"4";"0";"";"";"";"0";"";"";"1";"2017";""
"134953276";"DOUT19";"";"132958781";"DOUTORADO EM ESTUDOS URBANOS E REGIONAIS";"24";"";"48";"24";"";"48";"26";"390";"330";"";"0";"60";"4";"0";"";"";"";"0";"";"";"1";"2019";""
"137739811";"mCO/BI";"";"130260333";"MESTRADO EM CIÊNCIAS ODONTOLÓGICAS";"12";"";"24";"12";"";"24";"12";"390";"180";"";"0";"210";"0";"0";"";"";"";"0";"";"";"2";"2018";""
"141019341";"MPEDE";"";"140178590";"MESTRADO PROFISSIONAL EM EDUCAÇÃO ESPECIAL";"12";"";"24";"12";"";"24";"8";"360";"120";"";"0";"240";"0";"0";"";"";"";"0";"";"";"1";"2020";""
"137740385";"mCO/PA";"";"130260333";"MESTRADO EM CIÊNCIAS ODONTOLÓGICAS";"12";"";"24";"12";"";"24";"12";"390";"180";"";"0";"210";"0";"0";"";"";"";"0";"";"";"2";"2018";""
"11935820";"01";"";"9300590";"MESTRADO EM PRODUÇÃO ANIMAL";"12";"24";"24";"12";"24";"24";"24";"360";"300";"";"240";"60";"4";"0";"1";"16";"32";"0";"";"";"1";"2009";""
"118270825";"D001";"";"117229950";"DOUTORADO EM SERVIÇO SOCIAL";"42";"48";"48";"42";"48";"48";"36";"540";"210";"";"0";"330";"22";"0";"";"";"";"0";"";"";"1";"2016";""
"115845247";"SCF01";"";"115830568";"MESTRADO EM SAÚDE COLETIVA - FACISA";"12";"24";"24";"12";"24";"24";"6";"315";"90";"";"0";"225";"0";"0";"1";"10";"14";"0";"";"";"1";"2016";""
"139194202";"02";"MÚSICA - NATAL - N - LICENCIATURA";"111635069";"MÚSICA";"9";"9";"14";"";"";"";"102";"3200";"510";"200";"600";"1530";"102";"960";"";"";"";"30";"";"420";"1";"2020";""
"128824676";"CAR01";"";"116724070";"RESIDÊNCIA EM CARDIOLOGIA/RESCARD/HUOL";"";"";"";"";"";"";"0";"5438";"0";"";"0";"400";"0";"4508";"";"";"";"0";"";"";"1";"2018";""
"132638875";"ENPHUOL";"";"5036032";"RESIDÊNCIA MÉDICA EM ENDOCRINOLOGIA PEDIÁTRICA";"";"";"";"";"";"";"0";"5760";"0";"";"0";"0";"0";"0";"";"";"";"0";"";"";"1";"2018";""
"126873174";"IFT2017";"";"5036039";"RESIDÊNCIA MÉDICA EM INFECTOLOGIA";"";"";"";"";"";"";"36";"8640";"0";"";"0";"1095";"36";"7440";"";"";"";"0";"";"";"1";"2017";""
"139948";"01";"";"315778";"MESTRADO EM CLÍNICAS ODONTOLÓGICAS";"12";"24";"30";"";"";"";"0";"0";"0";"";"240";"0";"0";"0";"1";"12";"99";"";"0";"";"0";"0";""
"137641422";"ECNM19";"";"315756";"MESTRADO PROFISSIONAL EM ENSINO DE CIÊNCIAS NATURAIS E MATEMÁTICA";"12";"";"24";"12";"";"24";"22";"375";"150";"";"0";"180";"12";"45";"";"";"";"1";"";"";"2";"2019";""
"133850843";"PCN19";"";"98199604";"MESTRADO PROFISSIONAL EM LETRAS";"12";"";"24";"12";"";"24";"8";"360";"120";"";"0";"240";"0";"0";"";"";"";"0";"";"";"1";"2019";""
"127677716";"02";"EDUCAÇÃO FÍSICA - NATAL - MT - LICENCIATURA";"111635041";"EDUCAÇÃO FÍSICA";"8";"8";"12";"";"";"";"158";"3470";"360";"200";"600";"2445";"158";"465";"";"";"";"60";"";"0";"1";"2018";""
"131692633";"PGA18M";"";"315764";"MESTRADO EM ADMINISTRAÇÃO";"12";"";"24";"12";"";"24";"20";"360";"150";"";"0";"210";"10";"0";"";"";"";"0";"";"";"1";"2018";""
"140061";"PE";"";"315785";"MESTRADO EM MATEMÁTICA APLICADA E ESTATÍSTICA";"12";"24";"24";"12";"24";"24";"10";"150";"120";"";"240";"30";"2";"0";"2";"12";"16";"1";"0";"";"2";"2006";""
"128824600";"ASC02";"";"5036022";"RESIDÊNCIA EM ATENÇÃO À SAÚDE DA CRIANÇA";"";"";"";"";"";"";"0";"5508";"0";"";"0";"350";"0";"5158";"";"";"";"0";"";"";"1";"2018";""
"130807566";"02";"ENGENHARIA DE PRODUÇÃO - NATAL - N - FORMAÇÃO";"2000029";"ENGENHARIA DE PRODUÇÃO";"12";"12";"18";"";"";"";"173";"3875";"420";"200";"600";"2955";"173";"300";"";"";"";"60";"";"0";"2";"2018";""
"131694357";"PGA18D";"";"315765";"DOUTORADO EM ADMINISTRAÇÃO";"24";"";"48";"24";"";"48";"32";"540";"150";"";"0";"390";"22";"0";"";"";"";"0";"";"";"1";"2018";""
"130320907";"03";"DIREITO - CAICÓ - TN - BACHARELADO";"2000019";"DIREITO";"10";"10";"14";"";"";"";"198";"3700";"480";"190";"600";"2970";"198";"60";"";"";"";"60";"";"450";"2";"2018";""
"136481372";"03";"ANÁLISE E DESENVOLVIMENTO DE SISTEMAS - MACAÍBA - MTN - TECNOLÓGICO";"94598200";"ANÁLISE E DESENVOLVIMENTO DE SISTEMAS";"6";"6";"9";"";"";"";"111";"2295";"240";"180";"600";"1665";"111";"210";"";"";"";"30";"";"0";"2";"2019";""
"90238249";"01";"EDUCAÇÃO FÍSICA - NATAL - N - LICENCIATURA";"85436676";"EDUCAÇÃO FÍSICA";"4";"5";"6";"";"";"";"52";"1220";"0";"";"240";"980";"52";"240";"10";"14";"24";"30";"";"";"1";"2012";""
"91346571";"01";"";"91346221";"MESTRADO PROFISSIONAL EM DESIGN";"12";"18";"24";"12";"18";"24";"0";"315";"0";"";"0";"315";"0";"0";"1";"6";"12";"1";"";"";"1";"2012";""
"130015387";"02";"COMUNICAÇÃO SOCIAL- PUBLICIDADE E PROPAGANDA - NATAL - N";"118834827";"COMUNICAÇÃO SOCIAL- PUBLICIDADE E PROPAGANDA";"8";"8";"12";"";"";"";"136";"2700";"300";"270";"600";"2130";"136";"0";"";"";"";"60";"";"0";"2";"2018";""
"121601534";"TXT17";"";"121507754";"MESTRADO EM ENGENHARIA TÊXTIL";"12";"24";"24";"12";"24";"24";"24";"360";"120";"";"0";"240";"16";"0";"";"";"";"0";"";"";"1";"2017";""
"121124901";"02";"ENGENHARIA DE PETRÓLEO - NATAL - MTN - FORMAÇÃO";"2071220";"ENGENHARIA DE PETRÓLEO";"10";"10";"16";"";"";"";"72";"3660";"660";"190";"600";"2580";"72";"230";"";"";"";"60";"";"540";"1";"2017";""
"139770293";"02";"QUÍMICA DO PETRÓLEO - NATAL - MT - BACHARELADO";"3156200";"QUÍMICA DO PETRÓLEO";"6";"8";"12";"";"";"";"175";"3285";"330";"170";"600";"2625";"175";"160";"";"";"";"10";"";"0";"1";"2020";""
"102191533";"01";"CIÊNCIAS SOCIAIS - NATAL - MT - LICENCIATURA";"102191189";"CIÊNCIAS SOCIAIS";"8";"8";"10";"";"";"";"0";"2925";"480";"0";"240";"1740";"0";"705";"16";"24";"28";"240";"";"0";"1";"2014";""
"101092038";"EGM1";"";"101050293";"MESTRADO EM ENGENHARIA MECATRÔNICA";"12";"24";"24";"12";"24";"24";"24";"360";"180";"";"0";"180";"12";"0";"2";"12";"24";"0";"";"";"2";"2013";""
"90609308";"PPGufrn";"";"90609271";"PRÓ-REITORIA DE PÓS-GRADUAÇÃO";"1";"1";"1";"1";"1";"1";"0";"1";"1";"";"0";"0";"0";"0";"1";"1";"1";"1";"";"";"1";"2012";""
"139247423";"02";"EDUCAÇÃO FÍSICA - NATAL - MTN - LICENCIATURA";"50688664";"EDUCAÇÃO FÍSICA";"8";"8";"12";"";"";"";"147";"3210";"330";"200";"600";"2280";"147";"400";"";"";"";"60";"";"0";"2";"2019";""
"129992247";"03";"GESTÃO HOSPITALAR - NATAL - TN - TECNOLÓGICO";"2000159";"GESTÃO HOSPITALAR";"6";"6";"8";"";"";"";"0";"2460";"270";"150";"600";"1605";"0";"435";"";"";"";"30";"";"0";"2";"2018";""
"96783901";"02A";"LETRAS - - NATAL - INGLES - T - LICENCIATURA";"84767886";"LETRAS -";"5";"5";"6";"";"";"";"68";"1340";"120";"";"240";"1020";"68";"200";"1";"99";"99";"15";"";"";"2";"2011";""
"4500440";"01";"CIÊNCIAS CONTÁBEIS PARA AS ORGANIZAÇÕES SOCIAIS E COOPERATIVAS - NATAL - I - BACHARELADO";"4492640";"CIÊNCIAS CONTÁBEIS PARA AS ORGANIZAÇÕES SOCIAIS E COOPERATIVAS";"1";"8";"8";"";"";"";"168";"2970";"0";"";"240";"2520";"168";"450";"20";"24";"28";"";"";"";"2";"2008";""
"134244166";"MECA19";"";"134097165";"MESTRADO EM ENGENHARIA E CIÊNCIAS AEROESPACIAIS";"12";"";"24";"12";"";"24";"21";"315";"150";"";"0";"165";"11";"0";"";"";"";"0";"";"";"1";"2019";""
"133795010";"03";"TECNOLOGIA DA INFORMAÇÃO - NATAL - MT - BACHARELADO";"92127264";"TECNOLOGIA DA INFORMAÇÃO";"7";"7";"10";"";"";"";"0";"2600";"1200";"140";"600";"1260";"0";"0";"";"";"";"30";"";"480";"1";"2019";""
"134044403";"02";"TECNOLOGIA DA INFORMAÇÃO - NATAL - MT - BACHARELADO";"92127264";"TECNOLOGIA DA INFORMAÇÃO";"7";"7";"10";"";"";"";"26";"2600";"360";"140";"600";"2100";"26";"0";"2";"28";"32";"30";"";"480";"1";"2019";""
"505612071";"04A";"DIREITO - NATAL - N - BACHARELADO";"2000018";"DIREITO";"1";"11";"16";"";"";"";"180";"3700";"435";"200";"600";"2700";"180";"365";"4";"24";"26";"60";"";"0";"2";"2010";""
"115272412";"02";"CIÊNCIAS E TECNOLOGIA - NATAL - N - BACHARELADO";"10320810";"CIÊNCIAS E TECNOLOGIA";"7";"7";"10";"";"";"";"28";"2400";"240";"120";"600";"2040";"28";"0";"4";"7";"32";"60";"";"0";"1";"2016";""
"130940908";"02";"GESTÃO DE POLÍTICAS PÚBLICAS - NATAL - T - BACHARELADO";"10426760";"GESTÃO DE POLÍTICAS PÚBLICAS";"8";"8";"12";"";"";"";"26";"3000";"1320";"150";"600";"390";"26";"1140";"";"";"";"30";"";"0";"2";"2018";""
"128824520";"TIA01";"";"5036024";"RESIDÊNCIA EM TERAPIA INTENSIVA ADULTO";"";"";"";"";"";"";"0";"5438";"0";"";"0";"530";"0";"4968";"";"";"";"0";"";"";"1";"2018";""
"127664521";"03";"ENGENHARIA DE MATERIAIS - NATAL - N - FORMAÇÃO";"2000027";"ENGENHARIA DE MATERIAIS";"11";"11";"14";"";"";"";"80";"3680";"420";"190";"600";"2820";"80";"250";"";"";"";"60";"";"0";"1";"2018";""
"124868739";"MEST17";"";"123079207";"MESTRADO EM ENSINO DE CIÊNCIAS E MATEMÁTICA";"12";"24";"24";"12";"24";"24";"16";"240";"0";"";"0";"240";"16";"0";"";"";"";"0";"";"";"2";"2017";""
"128822804";"TIN06";"";"5036025";"RESIDÊNCIA EM TERAPIA INTENSIVA NEONATAL";"";"";"";"";"";"";"0";"5285";"0";"";"0";"267";"0";"680";"";"";"";"0";"";"";"1";"2018";""
"127196171";"03";"MÚSICA - NATAL - MT";"2000057";"MÚSICA";"8";"8";"12";"";"";"";"48";"3070";"2190";"160";"240";"720";"48";"0";"";"";"";"30";"";"0";"1";"2018";""
"100399";"01";"AQUICULTURA - NATAL - MT - BACHARELADO";"2000114";"AQUICULTURA";"8";"8";"12";"";"";"";"138";"2820";"240";"";"240";"2070";"138";"510";"1";"98";"99";"0";"0";"";"2";"2002";""
"133586506";"02";"ZOOTECNIA - MACAÍBA - MT - FORMAÇÃO";"6358080";"ZOOTECNIA";"10";"10";"15";"";"";"";"191";"3870";"435";"195";"600";"2910";"191";"330";"";"";"";"30";"";"540";"1";"2019";""
"119075210";"02";"ENGENHARIA DE TELECOMUNICAÇÕES - NATAL - N - FORMAÇÃO";"85322080";"ENGENHARIA DE TELECOMUNICAÇÕES";"11";"11";"16";"";"";"";"79";"3690";"420";"190";"600";"2850";"79";"230";"";"";"";"15";"";"0";"2";"2016";""
"104836701";"01";"MEDICINA - CAICÓ - MTN - FORMAÇÃO";"104831949";"MEDICINA";"12";"12";"18";"";"";"";"0";"7560";"760";"380";"600";"2380";"0";"4040";"8";"32";"40";"1";"";"0";"2";"2014";""
"150173768";"02";"LETRAS - PORTUGUÊS E INGLÊS - CURRAIS NOVOS - TN";"133175344";"LETRAS - PORTUGUÊS E INGLÊS";"9";"9";"14";"";"";"";"1";"3370";"360";"200";"600";"2370";"1";"440";"";"";"";"";"";"600";"1";"2021";""
"505612070";"04A";"DIREITO - NATAL - M - BACHARELADO";"2000018";"DIREITO";"10";"10";"16";"";"";"";"180";"3700";"435";"200";"600";"2700";"180";"365";"4";"24";"26";"60";"";"0";"2";"2010";""
"136918097";"02";"LETRAS- LÍNGUA ESPANHOLA E LITERATURAS - NATAL - N";"118880834";"LETRAS- LÍNGUA ESPANHOLA E LITERATURAS";"9";"9";"12";"";"";"";"120";"3220";"360";"200";"600";"1860";"120";"800";"";"";"";"30";"";"0";"2";"2019";""
"139373432";"05";"GEOLOGIA - NATAL - MT - FORMAÇÃO";"2000045";"GEOLOGIA";"10";"10";"14";"";"";"";"148";"3924";"394";"390";"600";"2900";"148";"240";"";"";"";"120";"";"0";"1";"2020";""
"128213236";"07";"GEOGRAFIA - NATAL - N - LICENCIATURA";"111635053";"GEOGRAFIA";"9";"9";"13";"";"";"";"136";"3430";"360";"200";"600";"2040";"136";"830";"";"";"";"60";"";"0";"1";"2018";""
"150131967";"02";"TURISMO - CURRAIS NOVOS - TN";"2000071";"TURISMO";"8";"8";"12";"";"";"";"0";"2530";"360";"130";"600";"1860";"0";"180";"";"";"";"";"";"0";"1";"2021";""
"136909433";"02";"ARTES VISUAIS - NATAL - MT - LICENCIATURA";"2000123";"ARTES VISUAIS";"9";"9";"13";"";"";"";"44";"3205";"660";"200";"600";"1560";"44";"785";"";"";"";"50";"";"0";"1";"2020";""
"119143253";"02";"ENGENHARIA AMBIENTAL - NATAL - MT - FORMAÇÃO";"85322571";"ENGENHARIA AMBIENTAL";"10";"10";"14";"";"";"";"98";"3870";"390";"200";"600";"3030";"98";"250";"";"";"";"15";"";"0";"2";"2016";""
"133804382";"03";"TECNOLOGIA DA INFORMAÇÃO - NATAL - MT - BACHARELADO";"92127264";"TECNOLOGIA DA INFORMAÇÃO";"7";"7";"10";"";"";"";"26";"2600";"300";"140";"600";"2160";"26";"0";"";"";"";"30";"";"480";"1";"2019";""
"95129886";"NRP0001";"";"5036044";"RESIDÊNCIA MÉDICA EM NEUROLOGIA PEDIÁTRICA";"24";"24";"24";"";"";"";"2";"30";"0";"";"0";"30";"2";"0";"";"";"";"0";"";"";"1";"2010";""
"98189218";"02";"TEATRO - NATAL - M - LICENCIATURA";"2000158";"TEATRO";"8";"8";"12";"";"";"";"126";"3240";"510";"";"240";"1890";"126";"840";"4";"28";"32";"60";"";"";"1";"2014";""
"98189470";"02";"TEATRO - NATAL - M - LICENCIATURA";"2000158";"TEATRO";"8";"8";"12";"";"";"";"126";"3240";"510";"";"240";"1890";"126";"840";"4";"28";"32";"60";"";"";"1";"2014";""
"98189301";"02";"TEATRO - NATAL - M - LICENCIATURA";"2000158";"TEATRO";"8";"8";"12";"";"";"";"126";"3240";"510";"";"240";"1890";"126";"840";"4";"28";"32";"60";"";"";"1";"2014";""
"98189385";"02";"TEATRO - NATAL - M - LICENCIATURA";"2000158";"TEATRO";"8";"8";"12";"";"";"";"126";"3240";"510";"";"240";"1890";"126";"840";"4";"28";"32";"60";"";"";"1";"2014";""
"105512605";"GQSS1";"";"101050603";"MESTRADO PROFISSIONAL EM GESTÃO DA QUALIDADE EM SERVIÇOS DE SAÚDE";"24";"24";"24";"24";"24";"24";"4";"480";"60";"";"0";"420";"0";"0";"2";"12";"24";"0";"";"";"2";"2014";""
"133495154";"02";"PEDAGOGIA - CAICÓ - M - LICENCIATURA";"2000064";"PEDAGOGIA";"9";"9";"14";"";"";"";"132";"3290";"332";"200";"600";"2298";"132";"460";"";"";"";"30";"";"480";"1";"2019";""
"133812567";"3";"TEATRO - NATAL - M - LICENCIATURA";"2000158";"TEATRO";"8";"8";"14";"";"";"";"134";"3270";"510";"200";"600";"2040";"134";"520";"";"";"";"30";"";"420";"1";"2019";""
"133734584";"02";"CIÊNCIAS BIOLÓGICAS - NATAL - MTN - LICENCIATURA";"9295710";"CIÊNCIAS BIOLÓGICAS";"8";"8";"12";"";"";"";"155";"3267";"327";"200";"600";"2340";"155";"400";"";"";"";"60";"";"490";"1";"2019";""
"21631770";"1";"";"2163123";"CLINICA MEDICA";"10";"28";"32";"";"";"";"0";"5388";"0";"";"240";"0";"0";"5388";"0";"0";"0";"";"";"";"1";"2010";""
"89572913";"NCR0001";"";"5036042";"RESIDÊNCIA MÉDICA EM NEUROCIRURGIA";"58";"60";"72";"";"";"";"0";"12775";"100";"";"0";"0";"0";"12675";"60";"66";"86";"1440";"";"";"1";"2006";""
"90518856";"CIG0505";"";"5036028";"RESIDÊNCIA MÉDICA EM CIRURGIA GERAL";"12";"12";"12";"";"";"";"0";"2258";"0";"";"0";"0";"0";"1908";"";"";"";"0";"";"";"1";"2011";""
"115273212";"02";"CIÊNCIAS E TECNOLOGIA - NATAL - T - BACHARELADO";"10320810";"CIÊNCIAS E TECNOLOGIA";"6";"6";"9";"";"";"";"28";"2400";"240";"120";"600";"2040";"28";"0";"4";"24";"32";"60";"";"0";"1";"2016";""
"15390970";"01";"ADMINISTRAÇÃO PÚBLICA - NATAL - I - BACHARELADO";"15315770";"ADMINISTRAÇÃO PÚBLICA";"8";"8";"12";"";"";"";"150";"3000";"300";"0";"600";"2250";"150";"450";"2";"22";"30";"15";"";"570";"1";"2010";""
"84763119";"MRN1";"";"84739892";"MESTRADO PROFISSIONAL EM MATEMÁTICA EM REDE NACIONAL";"12";"24";"24";"12";"24";"24";"16";"1200";"240";"";"0";"960";"0";"0";"1";"15";"30";"1";"";"";"1";"2011";""
"134292556";"PATHUOL";"";"5048042";"RESIDÊNCIA MÉDICA EM PATOLOGIA";"";"";"";"";"";"";"0";"8640";"0";"";"0";"2304";"0";"6912";"";"";"";"0";"";"";"1";"2019";""
"90518958";"CIG0507";"";"5036028";"RESIDÊNCIA MÉDICA EM CIRURGIA GERAL";"6";"6";"6";"";"";"";"0";"2880";"0";"";"0";"0";"0";"2880";"";"";"";"0";"";"";"1";"2012";""
"90529441";"CIG508";"";"5036028";"RESIDÊNCIA MÉDICA EM CIRURGIA GERAL";"6";"6";"6";"";"";"";"0";"1728";"0";"";"0";"0";"0";"1728";"";"";"";"0";"";"";"1";"2011";""
"90529452";"CIG0501";"";"5036028";"RESIDÊNCIA MÉDICA EM CIRURGIA GERAL";"6";"6";"6";"";"";"";"0";"1728";"0";"";"0";"0";"0";"1728";"";"";"";"0";"";"";"2";"2011";""
"90529534";"CIG0508";"";"5036028";"RESIDÊNCIA MÉDICA EM CIRURGIA GERAL";"6";"6";"6";"";"";"";"0";"1728";"0";"";"0";"0";"0";"1728";"";"";"";"0";"";"";"1";"2012";""
"91085470";"CIR501";"";"88337492";"RESIDÊNCIA MÉDICA EM CIRURGIA VIDEOLAPAROSCÓPICA";"12";"12";"12";"";"";"";"0";"2880";"2880";"";"0";"0";"0";"0";"";"";"";"2880";"";"";"1";"2005";""
"97802598";"D-01";"";"96146345";"DOUTORADO EM SISTEMÁTICA E EVOLUÇÃO";"24";"48";"48";"24";"48";"48";"14";"450";"210";"";"0";"240";"0";"0";"1";"12";"20";"0";"";"";"1";"2013";""
"91286182";"PDT0001";"";"5036034";"RESIDÊNCIA MÉDICA EM PEDIATRIA";"24";"24";"30";"";"";"";"0";"5760";"0";"";"0";"0";"0";"5760";"";"";"";"2880";"";"";"1";"1974";""
"91498572";"I";"";"5036029";"RESIDÊNCIA MÉDICA EM CLÍNICA MÉDICA";"6";"6";"6";"";"";"";"0";"1440";"0";"";"0";"0";"0";"1440";"";"";"";"0";"";"";"1";"2011";""
"91498785";"II";"";"5036029";"RESIDÊNCIA MÉDICA EM CLÍNICA MÉDICA";"6";"6";"6";"";"";"";"0";"1440";"0";"";"0";"0";"0";"1440";"";"";"";"0";"";"";"2";"2011";""
"91500065";"III";"";"5036029";"RESIDÊNCIA MÉDICA EM CLÍNICA MÉDICA";"6";"6";"6";"";"";"";"0";"1440";"0";"";"0";"0";"0";"1440";"";"";"";"0";"";"";"1";"2012";""
"91500211";"IV";"";"5036029";"RESIDÊNCIA MÉDICA EM CLÍNICA MÉDICA";"6";"6";"6";"";"";"";"0";"1440";"0";"";"0";"0";"0";"1440";"";"";"";"0";"";"";"2";"2012";""
"95692564";"NCR0002";"";"5036042";"RESIDÊNCIA MÉDICA EM NEUROCIRURGIA";"58";"60";"72";"";"";"";"0";"13875";"300";"";"0";"135";"0";"13440";"72";"84";"96";"1440";"";"";"1";"2008";""
"106302120";"ANE0002";"";"5036027";"RESIDÊNCIA MÉDICA EM ANESTESIOLOGIA";"12";"12";"12";"";"";"";"0";"0";"0";"";"0";"0";"0";"0";"";"";"";"0";"";"";"1";"2012";""
"118156955";"CG20161";"";"5036028";"RESIDÊNCIA MÉDICA EM CIRURGIA GERAL";"5";"6";"7";"";"";"";"126";"3125";"0";"";"0";"1890";"126";"885";"";"";"";"1440";"";"";"1";"2016";""
"121805816";"FONO1";"";"121804772";"MESTRADO EM FONOAUDIOLOGIA";"12";"24";"24";"12";"24";"24";"12";"360";"180";"";"0";"180";"0";"0";"";"";"";"0";"";"";"1";"2017";""
"124829829";"MEST15";"";"315775";"MESTRADO EM CIÊNCIAS FARMACÊUTICAS";"12";"24";"24";"12";"24";"24";"12";"360";"180";"";"0";"180";"0";"0";"";"";"";"0";"";"";"2";"2015";""
"118737828";"RMNRL";"";"5036043";"RESIDÊNCIA MÉDICA EM NEUROLOGIA";"33";"36";"42";"";"";"";"0";"7888";"0";"";"0";"0";"0";"7888";"";"";"";"0";"";"";"1";"2016";""
"140063";"01";"";"315760";"DOUTORADO EM FILOSOFIA";"30";"42";"42";"30";"42";"48";"10";"150";"90";"";"240";"60";"4";"0";"1";"4";"16";"0";"0";"";"1";"2006";""
"117156353";"DMIDIA";"";"115789633";"DOUTORADO EM ESTUDOS DA MÍDIA";"24";"36";"36";"24";"36";"42";"32";"480";"180";"";"0";"300";"20";"0";"1";"24";"30";"0";"";"";"1";"2016";""
"20395570";"03";"";"315737";"MESTRADO EM PSICOLOGIA";"12";"24";"24";"12";"24";"24";"24";"360";"120";"";"240";"240";"16";"0";"1";"12";"24";"1";"";"";"1";"2010";""
"108422849";"CONT15";"";"108416320";"MESTRADO EM CIÊNCIAS CONTÁBEIS";"12";"24";"24";"12";"24";"24";"26";"390";"120";"";"0";"270";"18";"0";"1";"12";"16";"1";"";"";"1";"2015";""
"122651159";"GEO17D";"";"95953799";"DOUTORADO EM GEOGRAFIA";"24";"48";"48";"24";"48";"48";"32";"480";"330";"";"0";"150";"10";"0";"";"";"";"0";"";"";"1";"2017";""
"122312896";"FST-M17";"";"315789";"MESTRADO EM FISIOTERAPIA";"12";"24";"24";"12";"24";"24";"21";"375";"135";"";"0";"240";"12";"0";"";"";"";"1";"";"";"1";"2017";""
"122284140";"GIS1";"";"121508483";"MESTRADO PROFISSIONAL EM GESTÃO E INOVAÇÃO EM SAÚDE";"12";"24";"24";"12";"24";"24";"8";"375";"120";"";"0";"255";"0";"0";"";"";"";"1";"";"";"1";"2017";""
"121245819";"02";"";"315780";"MESTRADO EM HISTÓRIA";"12";"24";"24";"12";"24";"24";"20";"300";"120";"";"0";"180";"12";"0";"";"";"";"0";"";"";"2";"2016";""
"118785539";"CRTMS01";"";"118768231";"MESTRADO EM CIÊNCIAS DA REABILITAÇÃO";"12";"24";"24";"12";"24";"24";"20";"300";"120";"";"0";"180";"12";"0";"";"";"";"0";"";"";"1";"2016";""
"10266851";"01";"";"9300330";"MESTRADO EM ENGENHARIA CIVIL";"12";"24";"24";"12";"24";"24";"24";"360";"360";"";"240";"0";"0";"0";"1";"9";"12";"1";"";"";"1";"2009";""
"100715660";"LET1D";"";"315758";"DOUTORADO EM ESTUDOS DA LINGUAGEM";"24";"48";"48";"24";"48";"48";"18";"270";"0";"";"0";"270";"18";"0";"1";"12";"24";"0";"";"";"2";"2013";""
"125002449";"DMIDIA2";"";"115789633";"DOUTORADO EM ESTUDOS DA MÍDIA";"24";"36";"36";"24";"36";"42";"32";"480";"180";"";"0";"300";"20";"0";"";"";"";"0";"";"";"1";"2016";""
"123162438";"BIOL_17";"";"315782";"MESTRADO EM CIÊNCIAS BIOLÓGICAS";"12";"24";"24";"12";"24";"24";"24";"360";"90";"";"0";"270";"18";"0";"";"";"";"0";"";"";"1";"2017";""
"98659548";"BEF2013";"";"98469607";"MESTRADO EM BIOLOGIA ESTRUTURAL E FUNCIONAL";"12";"24";"24";"12";"24";"24";"12";"390";"180";"";"0";"210";"0";"0";"1";"12";"20";"0";"";"";"1";"2013";""
"122547575";"PAT_17M";"";"315733";"MESTRADO EM PATOLOGIA ORAL";"12";"24";"24";"12";"24";"24";"0";"450";"0";"";"0";"450";"0";"0";"";"";"";"0";"";"";"1";"2017";""
"122650746";"GEO17M";"";"315731";"MESTRADO EM GEOGRAFIA";"12";"24";"24";"12";"24";"24";"24";"360";"270";"";"0";"90";"6";"0";"";"";"";"0";"";"";"1";"2017";""
"133629477";"02";"ENGENHARIA MECATRÔNICA - NATAL - MT - FORMAÇÃO";"85437055";"ENGENHARIA MECATRÔNICA";"10";"10";"15";"";"";"";"86";"3785";"465";"190";"600";"2910";"86";"220";"";"";"";"30";"";"435";"1";"2019";""
"100037865";"mp01";"";"97339504";"MESTRADO PROFISSIONAL EM GESTÃO DE PROCESSOS INSTITUCIONAIS";"12";"24";"24";"12";"24";"24";"12";"330";"180";"";"0";"150";"0";"0";"1";"12";"16";"0";"";"";"2";"2013";""
"116367936";"DFIL15";"";"115789618";"DOUTORADO EM FILOSOFIA";"24";"48";"48";"24";"48";"48";"10";"180";"150";"";"0";"30";"0";"0";"1";"24";"36";"0";"";"";"2";"2015";""
"114310304";"PQUIM1";"";"114310260";"MESTRADO PROFISSIONAL EM QUÍMICA - PROFQUI";"12";"24";"24";"12";"24";"24";"20";"360";"0";"";"0";"360";"20";"0";"4";"12";"24";"0";"";"";"2";"2015";""
"110813036";"DR2015";"";"110710810";"DOUTORADO EM CIÊNCIAS FARMACÊUTICAS";"24";"48";"48";"24";"48";"48";"26";"540";"390";"";"0";"150";"0";"0";"1";"12";"16";"1";"";"";"2";"2015";""
"113772442";"PHIST01";"";"113759737";"MESTRADO PROFISSIONAL EM ENSINO DE HISTÓRIA - PROFHISTORIA";"12";"24";"24";"12";"24";"24";"14";"420";"210";"";"0";"210";"0";"0";"1";"16";"24";"1";"";"";"2";"2015";""
"115845500";"Mbif001";"";"115845492";"MESTRADO EM BIOINFORMÁTICA";"12";"24";"24";"12";"24";"24";"12";"360";"180";"";"0";"180";"0";"0";"1";"12";"16";"0";"";"";"1";"2016";""
"116379316";"DT2016";"";"115845494";"DOUTORADO EM BIOINFORMÁTICA";"24";"48";"48";"24";"48";"48";"26";"540";"390";"";"0";"150";"0";"0";"1";"12";"16";"1";"";"";"1";"2016";""
"119256550";"eco16";"";"315744";"MESTRADO EM ECONOMIA";"12";"24";"24";"12";"24";"24";"8";"390";"120";"";"0";"270";"0";"0";"";"";"";"1";"";"";"2";"2016";""
"116364687";"MFIL15";"";"315759";"MESTRADO EM FILOSOFIA";"12";"24";"24";"12";"24";"24";"16";"270";"240";"";"0";"30";"0";"0";"1";"24";"30";"0";"";"";"2";"2015";""
"96069987";"001";"";"96067701";"MESTRADO PROFISSIONAL EM ENSINO NA SAÚDE";"18";"24";"24";"18";"24";"24";"7";"360";"105";"";"0";"255";"0";"0";"1";"12";"24";"0";"";"";"1";"2013";""
"102507547";"DOUT";"";"98462514";"DOUTORADO EM NANOTECNOLOGIA FARMACÊUTICA";"24";"36";"36";"24";"36";"48";"0";"0";"0";"";"0";"0";"0";"0";"1";"12";"16";"0";"";"";"2";"2013";""
"104890655";"GP2013";"";"84798578";"MESTRADO PROFISSIONAL EM GESTÃO PÚBLICA";"18";"24";"24";"18";"24";"24";"14";"360";"210";"";"0";"150";"0";"0";"2";"6";"12";"0";"";"";"1";"2013";""
"91303732";"01";"MATEMÁTICA - NATAL - M - LICENCIATURA";"85436489";"MATEMÁTICA";"5";"5";"8";"";"";"";"80";"1380";"0";"0";"60";"1200";"80";"180";"16";"16";"23";"60";"";"0";"2";"2012";""
"140037";"04";"";"315728";"DOUTORADO EM FÍSICA";"24";"48";"48";"24";"48";"48";"36";"540";"240";"";"240";"300";"20";"0";"4";"48";"54";"0";"0";"";"1";"2005";""
"21301690";"M09";"";"315753";"MESTRADO EM ENGENHARIA QUÍMICA";"12";"24";"24";"12";"24";"24";"24";"360";"120";"";"240";"240";"16";"0";"1";"12";"16";"1";"";"";"1";"2010";""
"140071";"01";"";"315788";"DOUTORADO EM BIOTECNOLOGIA";"24";"48";"48";"24";"48";"48";"28";"480";"210";"";"240";"210";"14";"60";"1";"8";"20";"1";"0";"";"2";"2006";"Migrados do Ponto@. Pelo fato de aparecer como currículo duplicado, no sigaa, ele foi desativado"
"20323650";"02";"";"17275730";"DOUTORADO EM PSICOLOGIA";"24";"48";"48";"24";"48";"48";"18";"450";"150";"";"240";"300";"8";"0";"1";"16";"28";"1";"";"";"1";"2010";""
"90181406";"MCFL1";"";"90156472";"MESTRADO EM CIÊNCIAS FLORESTAIS";"12";"24";"24";"12";"24";"24";"28";"420";"240";"";"0";"180";"12";"0";"2";"12";"24";"0";"";"";"1";"2012";""
"21301691";"D10";"";"315754";"DOUTORADO EM ENGENHARIA QUÍMICA";"24";"48";"48";"24";"48";"48";"42";"630";"300";"";"240";"330";"22";"0";"1";"12";"16";"1";"";"";"1";"2010";""
"121784348";"dout17";"";"315746";"DOUTORADO EM EDUCAÇÃO";"24";"36";"36";"24";"36";"36";"10";"330";"30";"";"0";"120";"8";"180";"";"";"";"0";"";"";"1";"2017";""
"18068142";"02";"";"17565631";"DOUTORADO EM NEUROCIÊNCIAS";"24";"48";"48";"24";"48";"48";"12";"360";"180";"";"240";"180";"0";"0";"1";"12";"24";"1";"";"";"2";"2009";""
"18068141";"01";"";"17565630";"MESTRADO EM NEUROCIÊNCIAS";"12";"24";"24";"12";"24";"24";"10";"240";"150";"";"240";"90";"0";"0";"1";"8";"16";"1";"";"";"2";"2009";""
"133868642";"DOUT19";"";"133179605";"DOUTORADO EM HISTÓRIA";"24";"";"48";"24";"";"48";"36";"540";"120";"";"0";"420";"28";"0";"";"";"";"0";"";"";"1";"2019";""
"134111866";"Sert19";"";"133255800";"MESTRADO EM HISTÓRIA / CERES";"12";"";"24";"12";"";"24";"24";"360";"120";"";"0";"240";"16";"0";"";"";"";"0";"";"";"1";"2019";""
"139946";"02";"";"315773";"MESTRADO EM CIÊNCIAS DA SAÚDE";"12";"24";"24";"12";"24";"24";"24";"360";"360";"";"240";"0";"0";"0";"1";"12";"36";"0";"0";"";"1";"2007";""
"140019";"01";"";"315784";"MESTRADO EM ANTROPOLOGIA SOCIAL";"12";"24";"24";"12";"24";"24";"20";"300";"120";"";"240";"180";"12";"0";"2";"10";"28";"1";"0";"";"1";"2005";""
"130806677";"02";"ENGENHARIA DE PRODUÇÃO - NATAL - T - FORMAÇÃO";"2000029";"ENGENHARIA DE PRODUÇÃO";"10";"10";"15";"";"";"";"173";"3875";"420";"200";"600";"2955";"173";"300";"";"";"";"60";"";"0";"2";"2018";""
"103540503";"nut01";"";"103197769";"MESTRADO EM NUTRIÇÃO";"12";"24";"24";"12";"24";"24";"11";"300";"165";"";"0";"135";"0";"0";"2";"12";"20";"0";"";"";"2";"2014";""
"121495544";"MSF2017";"";"88211810";"MESTRADO PROFISSIONAL EM SAÚDE DA FAMÍLIA";"12";"24";"30";"12";"24";"24";"0";"575";"0";"";"0";"575";"0";"0";"";"";"";"0";"";"";"1";"2015";""
"140013";"02";"";"315768";"MESTRADO EM BIOECOLOGIA AQUÁTICA";"12";"24";"30";"12";"24";"24";"18";"270";"0";"";"240";"270";"18";"0";"2";"18";"23";"1";"0";"";"1";"2005";""
"140021";"02";"";"315729";"MESTRADO EM GENÉTICA E BIOLOGIA MOLECULAR";"12";"24";"30";"12";"24";"24";"14";"210";"0";"";"240";"210";"14";"0";"2";"12";"24";"1";"0";"";"1";"2004";""
"140022";"01";"";"315729";"MESTRADO EM GENÉTICA E BIOLOGIA MOLECULAR";"12";"24";"30";"12";"24";"24";"0";"0";"0";"";"240";"0";"0";"0";"2";"12";"24";"1";"0";"";"1";"2003";""
"140096";"04";"";"315761";"MESTRADO EM GEODINÂMICA E GEOFÍSICA";"12";"24";"24";"12";"24";"24";"24";"360";"300";"";"240";"60";"4";"0";"1";"16";"24";"1";"0";"";"1";"2004";""
"140062";"01";"";"315786";"MESTRADO EM CIÊNCIA E ENGENHARIA DE PETRÓLEO";"12";"24";"24";"12";"24";"24";"12";"360";"180";"";"240";"180";"0";"0";"1";"12";"99";"0";"0";"";"2";"2006";""
"140093";"04";"";"315732";"ZZZ MEST";"12";"24";"30";"12";"24";"24";"25";"375";"0";"";"240";"375";"25";"0";"2";"10";"20";"1";"0";"";"1";"2007";""
"140094";"05";"";"315732";"ZZZ MEST";"12";"24";"30";"12";"24";"24";"0";"0";"0";"";"240";"0";"0";"0";"2";"10";"40";"1";"0";"";"1";"2007";""
"139985";"03";"";"315777";"DOUTORADO EM CIÊNCIAS SOCIAIS";"24";"48";"48";"24";"48";"48";"16";"240";"180";"";"240";"60";"4";"0";"1";"8";"99";"0";"0";"";"1";"2004";""
"11431030";"07";"";"315732";"ZZZ MEST";"12";"24";"30";"12";"24";"24";"13";"195";"0";"";"240";"195";"13";"0";"1";"15";"30";"15";"";"";"1";"2009";""
"11431031";"08";"";"97472250";"ZZZ MEST";"12";"24";"30";"12";"24";"24";"13";"195";"0";"";"240";"195";"13";"0";"1";"15";"30";"15";"";"";"1";"2009";""
"14206730";"01";"";"315772";"ZZZ MEST";"12";"24";"30";"12";"24";"24";"0";"0";"0";"";"240";"0";"0";"0";"1";"12";"30";"1";"";"";"1";"2009";""
"16933010";"03";"";"16932350";"MESTRADO EM CIENCIAS CONTABEIS (UNB-UFRN-UFPB)";"12";"24";"30";"12";"24";"24";"27";"405";"210";"";"240";"195";"13";"0";"1";"12";"24";"1";"";"";"1";"2008";""
"140101";"01";"";"507420";"MESTRADO EM ARTES CÊNICAS";"12";"24";"24";"12";"24";"24";"12";"180";"0";"";"240";"180";"12";"0";"1";"8";"24";"0";"0";"";"1";"2008";""
"110813967";"MPI2015";"";"108846991";"MESTRADO PROFISSIONAL EM CIÊNCIA, TECNOLOGIA E INOVAÇÃO";"12";"24";"24";"12";"24";"24";"25";"525";"270";"";"0";"105";"7";"150";"1";"12";"16";"1";"";"";"2";"2015";""
"103519690";"NUT-01";"";"102923840";"ZZZ MEST";"12";"24";"30";"12";"24";"24";"9";"135";"0";"";"0";"135";"9";"0";"2";"8";"16";"1";"";"";"1";"2014";""
"109890751";"GEOP1";"";"108847073";"MESTRADO PROFISSIONAL EM GEOGRAFIA";"12";"24";"30";"12";"24";"24";"4";"60";"0";"";"0";"60";"4";"0";"2";"12";"24";"0";"";"";"1";"2015";""
"90774212";"MEST02";"";"315781";"MESTRADO EM DESENVOLVIMENTO E MEIO AMBIENTE";"12";"24";"24";"12";"24";"24";"22";"360";"180";"";"0";"180";"10";"0";"1";"12";"24";"1";"";"";"2";"2012";""
"139968";"02";"";"315774";"DOUTORADO EM CIÊNCIAS DA SAÚDE";"24";"48";"48";"24";"48";"48";"0";"0";"0";"";"240";"0";"0";"0";"1";"12";"36";"1";"0";"";"1";"2007";""
"121876517";"MPPSE1";"";"121875454";"MESTRADO PROFISSIONAL EM PRÁTICAS DE SAÚDE E EDUCAÇÃO";"12";"24";"24";"12";"24";"24";"3";"360";"45";"";"0";"315";"0";"0";"";"";"";"0";"";"";"1";"2017";""
"104457512";"ARQ14M";"";"315766";"MESTRADO EM ARQUITETURA E URBANISMO";"12";"24";"24";"12";"24";"24";"21";"315";"225";"";"0";"90";"6";"0";"1";"12";"24";"0";"";"";"1";"2014";""
"100715605";"LET1M";"";"315757";"MESTRADO EM ESTUDOS DA LINGUAGEM";"12";"24";"24";"12";"24";"24";"0";"0";"0";"";"0";"0";"0";"0";"1";"12";"24";"0";"";"";"2";"2013";""
"106053142";"mest14";"";"315739";"MESTRADO EM QUÍMICA";"12";"24";"24";"12";"24";"24";"18";"270";"240";"";"0";"30";"2";"0";"1";"4";"12";"1";"";"";"2";"2014";""
"28561390";"PRO-1";"";"315748";"MESTRADO EM ENGENHARIA DE PRODUÇÃO";"12";"24";"24";"12";"24";"24";"24";"360";"180";"";"0";"180";"12";"0";"1";"12";"48";"0";"";"";"2";"2010";""
"14329522";"7";"";"315749";"MESTRADO EM ENGENHARIA ELÉTRICA E DE COMPUTAÇÃO";"12";"24";"24";"12";"24";"24";"24";"360";"360";"";"240";"0";"0";"0";"1";"12";"20";"0";"";"";"2";"2009";""
"113806565";"PGGIC1";"";"113140463";"MESTRADO PROFISSIONAL EM GESTÃO DA INFORMAÇÃO E DO CONHECIMENTO";"12";"24";"24";"12";"24";"24";"16";"360";"240";"";"0";"120";"0";"0";"1";"16";"24";"0";"";"";"2";"2015";""
"122541685";"MPES2";"";"100181629";"MESTRADO PROFISSIONAL EM TECNOLOGIA DA INFORMAÇÃO";"12";"24";"24";"12";"24";"24";"24";"360";"240";"";"0";"120";"8";"0";"";"";"";"0";"";"";"1";"2017";""
"118438662";"EF-PROF";"";"117880399";"MESTRADO PROFISSIONAL EM EDUCAÇÃO FÍSICA EM REDE NACIONAL";"12";"24";"24";"12";"24";"24";"10";"420";"150";"";"0";"270";"0";"0";"";"";"";"0";"";"";"1";"2016";""
"109352112";"Mst2015";"";"315747";"MESTRADO EM ENFERMAGEM";"12";"24";"24";"12";"24";"24";"30";"450";"210";"";"0";"240";"16";"0";"1";"15";"20";"1";"";"";"1";"2015";""
"124712741";"MTUR-1";"";"507421";"MESTRADO EM TURISMO";"12";"24";"24";"12";"24";"24";"24";"360";"210";"";"0";"150";"10";"0";"";"";"";"0";"";"";"1";"2017";""
"101091481";"BPA1";"";"101050284";"MESTRADO EM BIOLOGIA PARASITÁRIA";"12";"24";"24";"12";"24";"24";"28";"420";"90";"";"0";"330";"22";"0";"2";"12";"24";"1";"";"";"2";"2013";""
"140029";"01";"";"315738";"DOUTORADO EM PSICOLOGIA SOCIAL";"24";"48";"60";"24";"48";"48";"20";"300";"0";"";"240";"300";"20";"0";"2";"40";"40";"1";"0";"";"1";"2003";""
"106053722";"dout14";"";"315740";"DOUTORADO EM QUÍMICA";"24";"48";"48";"24";"48";"48";"24";"360";"300";"";"0";"60";"4";"0";"1";"8";"12";"0";"";"";"2";"2014";""
"15403280";"01";"";"9300591";"DOUTORADO EM DESENVOLVIMENTO E INOVAÇÃO TECNOLÓGICA EM MEDICAMENTOS";"24";"48";"48";"24";"48";"48";"36";"540";"90";"";"240";"450";"30";"0";"1";"12";"15";"0";"";"";"2";"2009";""
"14206731";"02";"";"5876841";"DOUTORADO EM CIENCIAS CONTABEIS (UNB-UFRN-UFPB)";"24";"48";"60";"24";"48";"48";"36";"540";"345";"";"240";"195";"13";"0";"1";"12";"30";"0";"";"";"1";"2009";""
"108819794";"dout15";"";"108227148";"DOUTORADO EM ANTROPOLOGIA SOCIAL";"24";"48";"48";"24";"48";"48";"40";"600";"360";"";"0";"240";"16";"0";"1";"12";"20";"1";"";"";"1";"2015";""
"140098";"02";"";"315763";"DOUTORADO EM GEODINÂMICA E GEOFÍSICA";"24";"48";"48";"24";"48";"48";"40";"600";"510";"";"240";"90";"6";"0";"1";"12";"24";"1";"0";"";"1";"2004";""
"140069";"01";"";"315787";"DOUTORADO EM CIÊNCIA E ENGENHARIA DE PETRÓLEO";"24";"48";"48";"24";"48";"48";"0";"180";"0";"";"240";"180";"0";"0";"1";"12";"99";"1";"0";"";"2";"2006";""
"19074700";"01";"";"19018260";"DOUTORADO EM DESENVOLVIMENTO E MEIO AMBIENTE";"24";"48";"48";"24";"48";"48";"24";"675";"360";"";"240";"315";"0";"0";"1";"8";"20";"1";"";"";"1";"2010";""
"105572856";"DTUR-1";"";"104910434";"DOUTORADO EM TURISMO";"24";"48";"48";"24";"48";"48";"36";"540";"420";"";"0";"120";"8";"0";"1";"16";"32";"0";"";"";"2";"2014";""
"14329525";"10";"";"315750";"DOUTORADO EM ENGENHARIA ELÉTRICA E DE COMPUTAÇÃO";"24";"48";"48";"24";"48";"48";"24";"360";"360";"";"240";"0";"0";"0";"1";"12";"20";"0";"";"";"2";"2009";""
"133814073";"05A";"ADMINISTRAÇÃO - NATAL - M - BACHARELADO";"2000002";"ADMINISTRAÇÃO";"8";"8";"12";"";"";"";"136";"3075";"420";"180";"600";"2040";"136";"435";"";"";"";"30";"";"420";"1";"2019";""
"109352453";"Dot2015";"";"50903134";"DOUTORADO EM ENFERMAGEM NA ATENÇÃO À SAÚDE";"24";"42";"48";"24";"42";"48";"18";"600";"270";"";"0";"330";"0";"0";"1";"15";"20";"1";"";"";"1";"2015";""
"127916564";"02";"CIÊNCIAS E TECNOLOGIA - NATAL - MTN";"10320810";"CIÊNCIAS E TECNOLOGIA";"7";"7";"10";"";"";"";"60";"2400";"480";"120";"600";"1740";"60";"60";"";"";"";"60";"";"0";"2";"2016";""
"134312586";"AMIHUAB";"";"5036021";"RESIDÊNCIA EM ASSISTÊNCIA MATERNO-INFANTIL";"";"";"";"";"";"";"0";"5768";"0";"";"0";"0";"0";"0";"";"";"";"0";"";"";"1";"2019";""
"127184512";"mec18d";"";"315752";"DOUTORADO EM ENGENHARIA MECÂNICA";"24";"48";"48";"24";"48";"48";"36";"540";"480";"";"0";"60";"4";"0";"";"";"";"0";"";"";"1";"2018";""
"127931167";"02";"CIÊNCIAS E TECNOLOGIA - NATAL - MTN";"10320810";"CIÊNCIAS E TECNOLOGIA";"7";"7";"10";"";"";"";"0";"2400";"870";"120";"600";"1350";"0";"60";"";"";"";"60";"";"0";"2";"2016";""
"122836042";"PAT_17D";"";"315734";"DOUTORADO EM PATOLOGIA ORAL";"24";"48";"48";"24";"48";"48";"0";"405";"0";"";"0";"405";"0";"0";"";"";"";"0";"";"";"1";"2017";""
"118996139";"dot2016";"";"17975012";"DOUTORADO EM CIÊNCIAS CLIMÁTICAS";"24";"48";"48";"24";"48";"48";"36";"555";"180";"";"0";"360";"24";"15";"";"";"";"1";"";"";"2";"2016";""
"118489457";"Dr004";"";"315743";"DOUTORADO EM CIÊNCIA DA COMPUTAÇÃO";"24";"48";"48";"24";"48";"48";"36";"540";"540";"";"0";"0";"0";"0";"";"";"";"0";"";"";"2";"2016";""
"139982";"02";"";"315742";"MESTRADO EM SISTEMAS E COMPUTAÇÃO";"12";"24";"24";"12";"24";"24";"0";"0";"0";"";"240";"0";"0";"0";"1";"12";"24";"1";"0";"";"1";"2005";""
"127747934";"02";"PEDAGOGIA - NATAL - N - LICENCIATURA";"2000063";"PEDAGOGIA";"10";"10";"14";"";"";"";"1288";"3220";"330";"200";"600";"2280";"1288";"410";"";"";"";"120";"";"360";"1";"2018";""
"510230607";"01A";"SISTEMAS DE INFORMAÇÃO - CAICÓ - MT - BACHARELADO";"7191770";"SISTEMAS DE INFORMAÇÃO";"8";"8";"12";"";"";"";"148";"3000";"300";"0";"600";"2220";"148";"480";"8";"24";"28";"120";"";"0";"1";"2011";""
"87144758";"DOUT11";"";"315771";"DOUTORADO EM CIÊNCIA E ENGENHARIA DE MATERIAIS";"24";"48";"48";"24";"48";"48";"28";"540";"180";"";"0";"360";"16";"0";"2";"12";"16";"1";"";"";"1";"2011";""
"87279856";"MEST11";"";"315770";"MESTRADO EM CIÊNCIA E ENGENHARIA DE MATERIAIS";"12";"24";"24";"12";"24";"24";"16";"360";"90";"";"0";"270";"10";"0";"1";"12";"16";"1";"";"";"1";"2011";""
"91014816";"01B";"QUÍMICA - NATAL - MTN - LICENCIATURA";"2000144";"QUÍMICA";"8";"8";"12";"";"";"";"154";"2910";"0";"0";"600";"2310";"154";"600";"4";"16";"24";"1";"";"0";"1";"2012";""
"9051720";"04C";"PSICOLOGIA - NATAL - MT - BACHARELADO";"2000066";"PSICOLOGIA";"10";"10";"16";"";"";"";"46";"3995";"300";"200";"600";"2385";"46";"1110";"1";"98";"99";"15";"";"0";"1";"2009";""
"139903350";"02";"ENGENHARIA DE COMPUTAÇÃO - NATAL - MT - FORMAÇÃO";"2000026";"ENGENHARIA DE COMPUTAÇÃO";"10";"10";"12";"";"";"";"90";"3885";"495";"200";"120";"2970";"90";"220";"";"";"";"30";"";"0";"1";"2020";""
"149622237";"06";"ADMINISTRAÇÃO - CURRAIS NOVOS - TN - BACHARELADO";"2000004";"ADMINISTRAÇÃO";"9";"9";"14";"";"";"";"0";"3090";"360";"155";"600";"2400";"0";"175";"";"";"";"";"";"0";"1";"2021";""
"133751742";"3";"HISTÓRIA - NATAL - M - LICENCIATURA";"111635057";"HISTÓRIA";"8";"9";"14";"";"";"";"141";"3225";"360";"200";"600";"2205";"141";"460";"";"";"";"60";"";"415";"1";"2019";""
"510278494";"02B";"ENGENHARIA ELÉTRICA - NATAL - MTN - FORMAÇÃO";"2000030";"ENGENHARIA ELÉTRICA";"10";"10";"16";"";"";"";"158";"3885";"1230";"0";"600";"2370";"158";"285";"1";"28";"32";"15";"";"0";"1";"2011";""
"2984610";"04";"CIÊNCIAS CONTÁBEIS - CAICÓ - MN - BACHARELADO";"2000012";"CIÊNCIAS CONTÁBEIS";"10";"10";"16";"";"";"";"164";"3160";"240";"0";"600";"2460";"164";"460";"1";"20";"24";"15";"";"0";"1";"2007";""
"133753914";"3";"HISTÓRIA - NATAL - N - LICENCIATURA";"111635057";"HISTÓRIA";"8";"9";"14";"";"";"";"141";"3225";"360";"200";"600";"2205";"141";"460";"";"";"";"60";"";"415";"1";"2019";""
"149719122";"01";"BACHARELADO INTERDISCIPLINAR EM HUMANIDADES - NATAL - M";"149717829";"BACHARELADO INTERDISCIPLINAR EM HUMANIDADES";"6";"6";"9";"";"";"";"31";"2400";"460";"200";"600";"1380";"31";"360";"";"";"";"";"";"0";"1";"2021";""
"111465370";"02";"ENGENHARIA DE ALIMENTOS - NATAL - N - FORMAÇÃO";"2000150";"ENGENHARIA DE ALIMENTOS";"12";"12";"18";"";"";"";"187";"3615";"370";"185";"600";"2835";"187";"225";"2";"18";"36";"30";"";"420";"2";"2015";""
"85698118";"01b";"NUTRIÇÃO - SANTA CRUZ - MT - FORMAÇÃO";"10317040";"NUTRIÇÃO";"9";"9";"13";"";"";"";"133";"4015";"825";"0";"600";"2280";"133";"910";"2";"33";"35";"15";"";"0";"1";"2012";""
"105694093";"02";"ENGENHARIA DE SOFTWARE - NATAL - MT - BACHARELADO";"17848940";"ENGENHARIA DE SOFTWARE";"9";"9";"14";"";"";"";"66";"3600";"540";"190";"600";"2490";"66";"380";"12";"26";"30";"180";"";"0";"2";"2014";""
"115838871";"02";"ENGENHARIA BIOMÉDICA - NATAL - N - FORMAÇÃO";"85341136";"ENGENHARIA BIOMÉDICA";"11";"11";"16";"";"";"";"88";"3685";"370";"185";"600";"2880";"88";"250";"4";"20";"32";"60";"";"0";"1";"2016";""
"96727359";"01";"GESTÃO DE COOPERATIVAS - NATAL - MT - TECNOLÓGICO";"96726786";"GESTÃO DE COOPERATIVAS";"6";"6";"9";"";"";"";"0";"1900";"120";"100";"600";"1500";"0";"180";"1";"20";"32";"15";"";"";"1";"2013";""
"121507906";"01";"JORNALISMO - NATAL - N";"118835329";"JORNALISMO";"7";"9";"12";"";"";"";"126";"3000";"420";"300";"600";"1980";"126";"300";"";"";"";"60";"";"420";"1";"2017";""
"96085636";"01";"HISTÓRIA - CAICÓ - MT - BACHARELADO";"2000047";"HISTÓRIA";"8";"8";"14";"";"";"";"140";"2850";"420";"0";"600";"2100";"140";"330";"4";"24";"28";"60";"";"0";"1";"2013";""
"100844";"02";"MÚSICA - NATAL - INSTRUMENTO - MT - BACHARELADO";"2000057";"MÚSICA";"8";"8";"12";"";"";"";"36";"3075";"1650";"0";"600";"540";"36";"885";"1";"98";"99";"15";"0";"0";"2";"2006";""
"89214922";"06";"MATEMÁTICA - CAICÓ - TN - LICENCIATURA";"2000055";"MATEMÁTICA";"8";"8";"12";"";"";"";"160";"3210";"210";"0";"600";"2400";"160";"600";"1";"98";"99";"15";"";"0";"1";"2012";""
"93191138";"01B";"FÍSICA - NATAL - MTN - LICENCIATURA";"2000124";"FÍSICA";"8";"10";"16";"";"";"";"174";"3060";"0";"";"600";"2460";"174";"600";"2";"16";"26";"30";"";"";"2";"2012";""
"121495702";"01";"JORNALISMO - NATAL - T";"118835329";"JORNALISMO";"6";"9";"12";"";"";"";"126";"3000";"420";"300";"600";"1980";"126";"300";"";"";"";"60";"";"420";"1";"2017";""
"121323873";"02";"ENGENHARIA AGRONÔMICA - MACAÍBA - MTN - FORMAÇÃO";"2576632";"ENGENHARIA AGRONÔMICA";"10";"10";"14";"";"";"";"186";"3720";"420";"210";"600";"2790";"186";"300";"";"";"";"30";"";"420";"1";"2017";""
"25767750";"01";"ENGENHARIA DE AQUICULTURA - NATAL - MT - BACHARELADO";"2576623";"ENGENHARIA DE AQUICULTURA";"10";"10";"14";"";"";"";"180";"3630";"240";"0";"600";"2700";"180";"690";"16";"24";"32";"240";"";"0";"1";"2011";""
"102359682";"02";"CIÊNCIA DA COMPUTAÇÃO - NATAL - MT - BACHARELADO";"2000013";"CIÊNCIA DA COMPUTAÇÃO";"10";"10";"15";"";"";"";"48";"3290";"420";"170";"600";"2610";"48";"90";"12";"24";"30";"180";"";"0";"1";"2014";""
"507135240";"01B";"LETRAS - LÍNGUA PORTUGUESA - CURRAIS NOVOS - TN - LICENCIATURA";"2000053";"LETRAS";"8";"8";"12";"";"";"";"147";"2910";"105";"0";"600";"2205";"147";"600";"1";"98";"99";"15";"";"0";"1";"2011";""
"127748071";"02";"PEDAGOGIA - NATAL - T - LICENCIATURA";"2000063";"PEDAGOGIA";"10";"10";"14";"";"";"";"0";"3220";"330";"200";"600";"2280";"0";"410";"";"";"";"120";"";"360";"1";"2018";""
"102390005";"01A";"PEDAGOGIA - NATAL - MTN - LICENCIATURA";"50799262";"PEDAGOGIA";"8";"8";"12";"";"";"";"177";"3215";"0";"0";"600";"2655";"177";"560";"15";"20";"30";"15";"";"0";"1";"2014";""
"110402692";"02";"ENGENHARIA MECÂNICA - NATAL - N - FORMAÇÃO";"2000031";"ENGENHARIA MECÂNICA";"10";"11";"15";"";"";"";"0";"3850";"390";"210";"600";"3030";"0";"220";"17";"23";"29";"260";"";"0";"2";"2015";""
"115802434";"02";"CIÊNCIAS E TECNOLOGIA - NATAL - MT - BACHARELADO";"10320810";"CIÊNCIAS E TECNOLOGIA";"6";"6";"9";"";"";"";"30";"2400";"270";"120";"600";"2010";"30";"0";"4";"24";"32";"60";"";"0";"1";"2016";""
"51333162";"01";"LETRAS - NATAL - LINGUA PORTUGUESA - MTN - LICENCIATURA";"50852239";"LETRAS";"8";"8";"12";"";"";"";"169";"2970";"0";"0";"600";"2370";"169";"600";"16";"22";"46";"15";"";"0";"1";"2011";""
"107405556";"02";"CIÊNCIAS E TECNOLOGIA - NATAL - N - BACHARELADO";"10320810";"CIÊNCIAS E TECNOLOGIA";"7";"7";"10";"";"";"";"0";"2400";"1020";"120";"600";"1260";"0";"0";"4";"24";"32";"120";"";"0";"1";"2015";""
"132995161";"03";"LETRAS - FRANCÊS - NATAL - M";"118836561";"LETRAS - FRANCÊS";"8";"8";"12";"";"";"";"120";"3220";"360";"200";"600";"1860";"120";"800";"";"";"";"60";"";"0";"1";"2019";""
"107405230";"02";"CIÊNCIAS E TECNOLOGIA - NATAL - MT - BACHARELADO";"10320810";"CIÊNCIAS E TECNOLOGIA";"6";"6";"9";"";"";"";"0";"2400";"1020";"120";"600";"1260";"0";"0";"180";"420";"480";"180";"";"0";"1";"2015";""
"119513031";"01";"COMUNICAÇÃO SOCIAL - AUDIOVISUAL - NATAL - N";"119512361";"COMUNICAÇÃO SOCIAL - AUDIOVISUAL";"9";"9";"13";"";"";"";"124";"2700";"300";"200";"600";"1860";"124";"340";"";"";"";"300";"";"0";"1";"2017";""
"127679272";"03";"ENGENHARIA FLORESTAL - MACAÍBA - MT - FORMAÇÃO";"8068230";"ENGENHARIA FLORESTAL";"10";"10";"15";"";"";"";"197";"3840";"390";"195";"600";"2955";"197";"300";"";"";"";"180";"";"0";"1";"2018";""
"89189948";"07";"GEOGRAFIA - CAICÓ - MT - LICENCIATURA";"111635055";"GEOGRAFIA";"8";"8";"14";"";"";"";"139";"2870";"180";"0";"600";"2085";"139";"605";"1";"21";"30";"15";"";"0";"1";"2012";""
"96085436";"01";"HISTÓRIA - CAICÓ - N - LICENCIATURA";"111635060";"HISTÓRIA";"8";"8";"14";"";"";"";"132";"3000";"420";"0";"600";"1980";"132";"600";"4";"24";"28";"60";"";"0";"1";"2013";""
"127681072";"05";"LETRAS - LÍNGUA PORTUGUESA - NATAL - N";"118881115";"LETRAS - LÍNGUA PORTUGUESA";"10";"10";"15";"";"";"";"117";"3280";"700";"200";"600";"1920";"117";"460";"";"";"";"180";"";"0";"2";"2018";""
"89306921";"08";"GEOGRAFIA - CAICÓ - N - BACHARELADO";"2000044";"GEOGRAFIA";"8";"8";"14";"";"";"";"115";"2405";"180";"0";"600";"1725";"115";"500";"1";"21";"30";"15";"";"0";"1";"2012";""
"101850027";"02";"GEOFÍSICA - NATAL - MT - BACHARELADO";"2936390";"GEOFÍSICA";"8";"8";"12";"";"";"";"148";"2910";"300";"150";"600";"2220";"148";"240";"8";"26";"30";"120";"";"0";"1";"2014";""
"149635589";"05";"LETRAS - LÍNGUA ESPANHOLA - CURRAIS NOVOS - N";"118922026";"LETRAS - LÍNGUA ESPANHOLA";"9";"9";"14";"";"";"";"0";"3210";"360";"200";"600";"2190";"0";"460";"";"";"";"";"";"420";"1";"2021";""
"110402202";"06";"ENGENHARIA MECÂNICA - NATAL - MT - FORMAÇÃO";"2000031";"ENGENHARIA MECÂNICA";"10";"10";"15";"";"";"";"0";"3850";"390";"210";"600";"3030";"0";"220";"17";"25";"29";"260";"";"0";"2";"2015";""
"96083666";"03";"HISTÓRIA - CAICÓ - MT - LICENCIATURA";"111635060";"HISTÓRIA";"8";"8";"14";"";"";"";"132";"3000";"420";"0";"600";"1980";"132";"600";"4";"24";"28";"30";"";"0";"1";"2013";""
"100758";"02";"HISTÓRIA - NATAL - M - BACHARELADO";"2000046";"HISTÓRIA";"10";"10";"14";"";"";"";"108";"2570";"480";"0";"600";"1620";"108";"470";"4";"20";"32";"60";"0";"0";"1";"2004";""
"127682763";"04";"LETRAS - LÍNGUA PORTUGUESA - NATAL - M";"118881115";"LETRAS - LÍNGUA PORTUGUESA";"8";"8";"12";"";"";"";"117";"3280";"700";"200";"600";"1920";"117";"460";"";"";"";"180";"";"0";"1";"2019";""
"10340342";"01";"FARMÁCIA - NATAL - N - FORMAÇÃO";"2000039";"FARMÁCIA";"13";"13";"20";"";"";"";"198";"4200";"360";"0";"600";"2970";"198";"870";"1";"98";"99";"15";"";"0";"1";"2009";""
"510231325";"05B";"FARMÁCIA - NATAL - MT - FORMAÇÃO";"2000039";"FARMÁCIA";"9";"9";"14";"";"";"";"198";"4200";"360";"0";"600";"2970";"198";"870";"1";"98";"99";"15";"";"0";"1";"2011";""
"119513876";"01";"COMUNICAÇÃO SOCIAL - AUDIOVISUAL - NATAL - T";"119512361";"COMUNICAÇÃO SOCIAL - AUDIOVISUAL";"8";"8";"12";"";"";"";"124";"2700";"300";"200";"600";"1860";"124";"340";"";"";"";"300";"";"0";"1";"2017";""
"509141880";"01";"HISTÓRIA - NATAL - MTN - LICENCIATURA";"50913238";"HISTÓRIA";"8";"8";"12";"";"";"";"129";"2835";"300";"0";"600";"1935";"129";"600";"8";"22";"25";"60";"";"680";"1";"2014";""
"115764587";"02";"CIÊNCIAS E TECNOLOGIA - NATAL - N - BACHARELADO";"10320810";"CIÊNCIAS E TECNOLOGIA";"7";"7";"10";"";"";"";"26";"2400";"270";"120";"600";"2010";"26";"0";"4";"24";"32";"60";"";"0";"1";"2016";""
"139767893";"03";"QUÍMICA - NATAL - N - LICENCIATURA";"111635075";"QUÍMICA";"8";"10";"15";"";"";"";"155";"3255";"330";"200";"600";"2325";"155";"400";"";"";"";"30";"";"420";"1";"2020";""
"507863461";"01A";"EDUCAÇÃO FÍSICA - NATAL - TN - BACHARELADO";"2000022";"EDUCAÇÃO FÍSICA";"9";"9";"14";"";"";"";"118";"3215";"780";"0";"600";"1770";"118";"665";"4";"20";"32";"60";"";"0";"1";"2011";""
"133814422";"05A";"ADMINISTRAÇÃO - NATAL - N - BACHARELADO";"2000002";"ADMINISTRAÇÃO";"9";"9";"13";"";"";"";"136";"3075";"420";"180";"600";"2040";"136";"435";"";"";"";"30";"";"420";"1";"2019";""
"7046170";"01";"DESIGN - NATAL - MT - BACHARELADO";"6992521";"DESIGN";"9";"9";"13";"";"";"";"146";"2690";"300";"0";"600";"2190";"146";"200";"12";"24";"28";"180";"";"0";"2";"2009";""
"100669";"01";"COMUNICAÇÃO SOCIAL - NATAL - RADIALISMO - N - BACHARELADO";"2000016";"COMUNICAÇÃO SOCIAL";"8";"9";"14";"";"";"";"151";"2760";"270";"0";"600";"2265";"151";"225";"1";"98";"99";"1";"0";"0";"1";"2002";""
"100668";"03";"COMUNICAÇÃO SOCIAL - NATAL - JORNALISMO - N - BACHARELADO";"2000016";"COMUNICAÇÃO SOCIAL";"8";"9";"14";"";"";"";"136";"2715";"450";"0";"600";"2040";"136";"225";"1";"98";"99";"1";"0";"0";"1";"2002";""
"100761";"03";"COMUNICAÇÃO SOCIAL - NATAL - JORNALISMO - T - BACHARELADO";"2000016";"COMUNICAÇÃO SOCIAL";"8";"9";"14";"";"";"";"136";"2715";"450";"0";"600";"2040";"136";"225";"1";"98";"99";"15";"0";"0";"1";"2005";""
"110542153";"01B";"PSICOLOGIA - SANTA CRUZ - MT - BACHARELADO";"102160763";"PSICOLOGIA";"10";"10";"15";"";"";"";"147";"4050";"405";"210";"600";"2535";"147";"900";"22";"25";"31";"330";"";"465";"1";"2015";""
"115765126";"02";"CIÊNCIAS E TECNOLOGIA - NATAL - MT - BACHARELADO";"10320810";"CIÊNCIAS E TECNOLOGIA";"6";"6";"9";"";"";"";"22";"2400";"390";"120";"600";"1890";"22";"0";"4";"24";"32";"60";"";"420";"1";"2016";""
"110541959";"01B";"PSICOLOGIA - SANTA CRUZ - MT - BACHARELADO";"102160763";"PSICOLOGIA";"10";"10";"15";"";"";"";"147";"4050";"405";"210";"600";"2535";"147";"900";"22";"25";"31";"330";"";"465";"1";"2015";""
"110542944";"01B";"PSICOLOGIA - SANTA CRUZ - MT - BACHARELADO";"102160763";"PSICOLOGIA";"10";"10";"15";"";"";"";"147";"4050";"405";"210";"600";"2535";"147";"900";"22";"25";"31";"330";"";"465";"1";"2015";""
"24997720";"03";"CIÊNCIAS ECONÔMICAS - NATAL - N - BACHARELADO";"2000014";"CIÊNCIAS ECONÔMICAS";"10";"10";"15";"";"";"";"144";"3000";"540";"0";"600";"2160";"144";"300";"1";"20";"28";"15";"";"0";"1";"2010";""
"136931968";"04";"SERVIÇO SOCIAL - NATAL - T - BACHARELADO";"2000068";"SERVIÇO SOCIAL";"8";"8";"12";"";"";"";"24";"3090";"330";"240";"600";"1920";"24";"600";"";"";"";"30";"";"450";"2";"2019";""
"133417595";"01C";"FISIOTERAPIA - SANTA CRUZ - MT - FORMAÇÃO";"10345860";"FISIOTERAPIA";"10";"10";"15";"";"";"";"47";"4020";"414";"201";"600";"2505";"47";"900";"";"";"";"60";"";"0";"1";"2019";""
"127200495";"03";"MÚSICA - NATAL - MT";"2000057";"MÚSICA";"8";"8";"12";"";"";"";"64";"3070";"1590";"160";"600";"960";"64";"360";"";"";"";"30";"";"0";"1";"2018";""
"139454633";"05";"GEOGRAFIA - NATAL - M - BACHARELADO";"2000043";"GEOGRAFIA";"8";"8";"12";"";"";"";"118";"2430";"290";"130";"600";"1980";"118";"30";"";"";"";"60";"";"420";"1";"2020";""
"127198899";"03";"MÚSICA - NATAL - MT";"2000057";"MÚSICA";"8";"8";"12";"";"";"";"54";"3070";"1680";"160";"600";"810";"54";"420";"";"";"";"30";"";"0";"1";"2018";""
"115444268";"02";"TURISMO - NATAL - T - BACHARELADO";"2000069";"TURISMO";"8";"8";"12";"";"";"";"136";"2865";"300";"150";"600";"2040";"136";"375";"4";"24";"32";"15";"";"0";"1";"2016";""
"7777620";"04";"ENGENHARIA QUÍMICA - NATAL - MTN - FORMAÇÃO";"2000032";"ENGENHARIA QUÍMICA";"9";"10";"16";"";"";"";"195";"3920";"360";"0";"600";"2925";"195";"635";"2";"24";"32";"30";"";"0";"1";"2009";""
"133694155";"05";"FISIOTERAPIA - NATAL - MT - FORMAÇÃO";"2000042";"FISIOTERAPIA";"10";"10";"15";"";"";"";"73";"4260";"450";"240";"600";"2640";"73";"930";"";"";"";"30";"";"575";"1";"2019";""
"133789208";"02";"CIÊNCIAS BIOLÓGICAS - NATAL - MT - LICENCIATURA";"111635035";"CIÊNCIAS BIOLÓGICAS";"8";"8";"12";"";"";"";"149";"3378";"360";"200";"600";"2418";"149";"400";"";"";"";"30";"";"520";"1";"2019";""
"127201308";"03";"MÚSICA - NATAL - MT";"2000057";"MÚSICA";"8";"8";"12";"";"";"";"82";"3070";"1095";"160";"600";"1230";"82";"585";"";"";"";"30";"";"0";"1";"2018";""
"133471081";"01D";"CIÊNCIAS ATUARIAIS - NATAL - N - BACHARELADO";"6633741";"CIÊNCIAS ATUARIAIS";"8";"8";"12";"";"";"";"128";"2490";"300";"150";"600";"1920";"128";"120";"";"";"";"30";"";"420";"1";"2019";""
"133262792";"06";"CIÊNCIAS BIOLÓGICAS - NATAL - MT - BACHARELADO";"2000009";"CIÊNCIAS BIOLÓGICAS";"8";"8";"12";"";"";"";"149";"3215";"345";"170";"600";"2280";"149";"420";"";"";"";"60";"";"0";"1";"2019";""
"132221885";"02";"SAÚDE COLETIVA - NATAL - N - BACHARELADO";"7252420";"SAÚDE COLETIVA";"9";"9";"13";"";"";"";"110";"3225";"325";"200";"600";"2100";"110";"600";"";"";"";"60";"";"0";"1";"2019";""
"130940641";"02";"GESTÃO DE POLÍTICAS PÚBLICAS - NATAL - N - BACHARELADO";"10426760";"GESTÃO DE POLÍTICAS PÚBLICAS";"8";"8";"12";"";"";"";"26";"3000";"1320";"150";"600";"390";"26";"1140";"";"";"";"30";"";"0";"2";"2018";""
"89554733";"01A";"ENFERMAGEM - SANTA CRUZ - MT - FORMAÇÃO";"13027790";"ENFERMAGEM";"9";"9";"12";"";"";"";"119";"4040";"90";"0";"600";"3000";"119";"950";"2";"98";"99";"15";"";"0";"1";"2012";""
"136612813";"05B";"ODONTOLOGIA - NATAL - MT - FORMAÇÃO";"2000059";"ODONTOLOGIA";"10";"10";"15";"";"";"";"108";"4350";"450";"225";"600";"2880";"108";"795";"";"";"";"15";"";"600";"2";"2019";""
"510278490";"05B";"ARQUITETURA E URBANISMO - NATAL - MTN - FORMAÇÃO";"2000005";"ARQUITETURA E URBANISMO";"10";"10";"16";"";"";"";"236";"4880";"300";"0";"600";"3585";"236";"995";"10";"28";"40";"150";"";"600";"1";"2011";""
"130313338";"05";"ENFERMAGEM - NATAL - MT - FORMAÇÃO";"2000023";"ENFERMAGEM";"10";"10";"15";"";"";"";"98";"4200";"420";"210";"600";"2700";"98";"870";"";"";"";"60";"";"0";"2";"2018";""
"114795355";"02";"ECOLOGIA - NATAL - N - BACHARELADO";"2000121";"ECOLOGIA";"8";"8";"14";"";"";"";"137";"2845";"300";"145";"600";"2055";"137";"345";"8";"20";"36";"15";"";"0";"1";"2016";""
"114793595";"02";"ECOLOGIA - NATAL - MT - BACHARELADO";"2000121";"ECOLOGIA";"8";"8";"14";"";"";"";"137";"2845";"300";"145";"600";"2055";"137";"345";"8";"20";"36";"15";"";"0";"1";"2016";""
"120481177";"02";"BIOMEDICINA - NATAL - N - BACHARELADO";"2000122";"BIOMEDICINA";"11";"11";"15";"";"";"";"158";"4030";"405";"210";"600";"2370";"158";"1045";"";"";"";"15";"";"0";"1";"2017";""
"100762";"01";"COMUNICAÇÃO SOCIAL - NATAL - RADIALISMO - T - BACHARELADO";"2000016";"COMUNICAÇÃO SOCIAL";"8";"9";"14";"";"";"";"151";"2760";"270";"0";"600";"2265";"151";"225";"1";"98";"99";"1";"0";"0";"1";"2005";""
"102187364";"01";"METEOROLOGIA - NATAL - T - BACHARELADO";"101644626";"METEOROLOGIA";"8";"8";"12";"";"";"";"156";"3300";"360";"180";"600";"2340";"156";"420";"4";"24";"26";"60";"";"0";"1";"2014";""
"133367758";"02";"FONOAUDIOLOGIA - NATAL - MT - FORMAÇÃO";"7410980";"FONOAUDIOLOGIA";"8";"8";"12";"";"";"";"225";"3600";"360";"180";"600";"3015";"225";"45";"";"";"";"60";"";"0";"1";"2019";""
"139762729";"02";"QUÍMICA - NATAL - M - LICENCIATURA";"111635075";"QUÍMICA";"6";"8";"12";"";"";"";"155";"3255";"330";"200";"600";"2325";"155";"400";"";"";"";"30";"";"540";"1";"2020";""
"506825900";"04A";"FÍSICA - NATAL - MT - BACHARELADO";"2000041";"FÍSICA";"8";"8";"12";"";"";"";"156";"2730";"120";"";"600";"2340";"156";"270";"4";"25";"36";"60";"";"";"1";"2011";""
"20506160";"04C";"PSICOLOGIA - NATAL - MT - BACHARELADO";"2000066";"PSICOLOGIA";"10";"10";"16";"";"";"";"44";"4085";"300";"200";"600";"2295";"44";"1290";"1";"98";"99";"15";"";"0";"1";"2010";""
"136931723";"04";"SERVIÇO SOCIAL - NATAL - M - BACHARELADO";"2000068";"SERVIÇO SOCIAL";"8";"8";"12";"";"";"";"24";"3090";"330";"240";"600";"1920";"24";"600";"";"";"";"30";"";"450";"2";"2019";""
"20503690";"04C";"PSICOLOGIA - NATAL - MT - BACHARELADO";"2000066";"PSICOLOGIA";"10";"10";"16";"";"";"";"44";"4085";"300";"200";"600";"2295";"44";"1290";"1";"98";"99";"15";"";"0";"1";"2010";""
"139688895";"4";"CIÊNCIAS SOCIAIS - NATAL - N - LICENCIATURA";"111635038";"CIÊNCIAS SOCIAIS";"8";"8";"12";"";"";"";"98";"3200";"360";"220";"600";"1500";"98";"1120";"";"";"";"60";"";"420";"1";"2020";""
"508377771";"02";"ENGENHARIA TÊXTIL - NATAL - TN - FORMAÇÃO";"2000033";"ENGENHARIA TÊXTIL";"10";"10";"16";"";"";"";"201";"3790";"450";"0";"600";"3015";"201";"325";"4";"25";"32";"30";"";"0";"1";"2011";""
"120480419";"02";"BIOMEDICINA - NATAL - MT - BACHARELADO";"2000122";"BIOMEDICINA";"9";"9";"13";"";"";"";"158";"4030";"405";"210";"600";"2370";"158";"1045";"";"";"";"15";"";"0";"1";"2017";""
"85278443";"03B";"CIÊNCIAS SOCIAIS - NATAL - M - BACHARELADO";"2000015";"CIÊNCIAS SOCIAIS";"8";"8";"12";"";"";"";"104";"2520";"660";"0";"600";"1560";"104";"300";"2";"16";"30";"60";"";"0";"1";"2011";""
"115522686";"04A";"ENGENHARIA CIVIL - NATAL - MTN - FORMAÇÃO";"2000025";"ENGENHARIA CIVIL";"10";"10";"15";"";"";"";"206";"3915";"393";"197";"600";"3090";"206";"235";"4";"30";"42";"300";"";"450";"1";"2016";""
"108818993";"06";"MATEMÁTICA - NATAL - MT - LICENCIATURA";"111635066";"MATEMÁTICA";"8";"8";"12";"";"";"";"128";"2820";"300";"200";"600";"1920";"128";"400";"4";"22";"34";"60";"";"0";"1";"2015";""
"108819666";"04";"MATEMÁTICA - NATAL - N - LICENCIATURA";"111635066";"MATEMÁTICA";"8";"8";"12";"";"";"";"128";"2820";"300";"200";"600";"1920";"128";"400";"4";"22";"34";"60";"";"0";"1";"2015";""
"105519342";"04";"CIÊNCIAS CONTÁBEIS - NATAL - N - BACHARELADO";"2000011";"CIÊNCIAS CONTÁBEIS";"10";"10";"15";"";"";"";"160";"3000";"300";"160";"600";"2400";"160";"140";"4";"24";"28";"60";"";"0";"1";"2015";""
"130942547";"02";"DANÇA - NATAL - N - LICENCIATURA";"7264330";"DANÇA";"9";"9";"12";"";"";"";"104";"3240";"780";"200";"600";"1560";"104";"700";"";"";"";"30";"";"0";"1";"2019";""
"108222242";"03";"FILOSOFIA - NATAL - N - BACHARELADO";"2000040";"FILOSOFIA";"8";"8";"12";"";"";"";"60";"2400";"1260";"120";"600";"900";"60";"120";"4";"20";"28";"60";"";"0";"1";"2015";""
"139624391";"02";"QUÍMICA - NATAL - M - BACHARELADO";"2000067";"QUÍMICA";"8";"8";"12";"";"";"";"149";"2845";"300";"150";"600";"2235";"149";"160";"";"";"";"30";"";"540";"1";"2020";""
"139774401";"6";"FILOSOFIA - NATAL - N - LICENCIATURA";"111635047";"FILOSOFIA";"8";"8";"12";"";"";"";"104";"3220";"600";"200";"600";"1560";"104";"860";"";"";"";"60";"";"420";"1";"2020";""
"105512207";"04";"CIÊNCIAS CONTÁBEIS - NATAL - M - BACHARELADO";"2000011";"CIÊNCIAS CONTÁBEIS";"10";"10";"15";"";"";"";"160";"3000";"300";"160";"600";"2400";"160";"140";"4";"24";"28";"60";"";"0";"1";"2015";""
"137928984";"04";"FÍSICA - NATAL - N - LICENCIATURA";"111635050";"FÍSICA";"10";"10";"15";"";"";"";"166";"3450";"360";"200";"600";"2490";"166";"400";"";"";"";"60";"";"340";"1";"2020";""
"127919249";"03";"BIBLIOTECONOMIA - NATAL - T - BACHARELADO";"2000006";"BIBLIOTECONOMIA";"8";"8";"12";"";"";"";"120";"2730";"360";"150";"600";"1800";"120";"420";"";"";"";"60";"";"0";"1";"2018";""
"140112779";"04A";"MEDICINA - NATAL - MTN - FORMAÇÃO";"2000056";"MEDICINA";"12";"12";"18";"";"";"";"144";"8332";"400";"417";"600";"3930";"144";"3585";"";"";"";"60";"";"0";"1";"2020";""
"133797766";"03";"CIÊNCIAS BIOLÓGICAS - NATAL - N - LICENCIATURA";"111635035";"CIÊNCIAS BIOLÓGICAS";"10";"10";"14";"";"";"";"149";"3378";"360";"200";"600";"2418";"149";"400";"";"";"";"30";"";"340";"1";"2019";""
"150109788";"05";"ESTATÍSTICA - NATAL - M - FORMAÇÃO";"2000034";"ESTATÍSTICA";"8";"8";"12";"";"";"";"120";"3005";"590";"170";"120";"2130";"120";"115";"";"";"";"";"";"540";"1";"2021";""
"24798170";"03";"CIÊNCIAS ECONÔMICAS - NATAL - M - BACHARELADO";"2000014";"CIÊNCIAS ECONÔMICAS";"10";"10";"15";"";"";"";"144";"3000";"540";"0";"600";"2160";"144";"300";"1";"20";"28";"15";"";"0";"2";"2010";""
