id_componente,codigo,nome,ch_teorico,ch_pratico,ch_total,equivalencia,pre_requisito,co_requisito
20033,FIS0313,ONDAS E FISICA MODERNA,60,0,60,( FIS0112 ) OU ( FIS0318 ) OU ( FIS0622 ) OU ( FIS0604 ) OU ( FIS0804 ) ,( ( ( MAT0311 ) E ( FIS0311 ) E ( FIS0312 ) ) OU ( FIS0601 E ( MAT0345 OU MAT0228 ) OU ( FIS0317 ) OU ( FIS0311 ) OU ( MAT0311 ) ) ) ,
21083,DIM0346,GERENCIAMENTO E SEGURANCA EM REDES DE COMPUTADORES,45,15,60,,( ( DCA0450 ) OU ( DIM0061 ) OU ( DIM0438 ) OU ( DCA0113 ) OU ( DIM0500 ) ) ,
21705,DIM0411,PROCESSAMENTO DE IMAGENS,60,0,60,,( IMD0024 E ( IMD0039 OU DIM0117 ) E ( IMD0040 OU DIM0116 ) ) ,
21717,DIM0415,LOGICAS NAO-CLASSICAS,60,0,60,,( FIL0103 OU DIM0505 OU DIM0601 ) ,
21752,DIM0335,APLIC.DE GRAFOS A EXPLOR.E DISTRIB.DO PETROLEO,60,0,60,,( DIM0429 OU DIM0328 OU DIM0315 OU DIM0013 OU DIM0111 OU DIM0117 OU IMD0039 ) ,
21764,DIM0410,TREINAMENTO PARA COMPETICOES DE PROGRAMACAO,60,0,60,,( ECT1203 OU DCA0800 OU DIM0321 OU DIM0108 OU TAD0002 OU IMD1012 OU DIM0133 ) ,
21774,DIM0408,MODELOS E ALGORITMOS EM OTIMIZACAO COMBINATORIA,60,0,60,,( ( DIM0406 ) ) ,
21783,DIM0437,LINGUAGENS DE PROGRAMACAO: CONCEITOS E PARADIGMAS,60,0,60,( DIM0304 ) ,( DIM0428 E DIM0429 ) OU DIM0111 OU ( DIM0601 E ( IMD0040 OU DIM0116 ) ) ,
21787,DIM0436,ESPECIFICACAO E VERIFICACAO DE PROGRAMAS,60,0,60,( DIM0072 ) OU ( DIM0336 ) ,( ( DIM0430 ) E ( ( ( DIM0427 ) E ( DIM0426 ) ) OU ( DIM0110 ) ) ) OU ( DIM0610 E IMD0039 ) ,
21790,DIM0438,REDES DE COMPUTADORES,60,0,60,( DIM0061 ) OU ( IMD0043 ) ,DIM0432 OU DIM0431 OU IMD0041 OU IMD0121 OU DIM0127 ,
23465,FIS0317,ELEMENTOS DE ELETRICIDADE E MAGNETISMO,60,0,60,( FIS0312 ) OU ( FIS0703 ) OU ( FIS0603 ) ,( ( MAT0005 ) OU ( MAT0229 ) OU ( MAT0312 ) OU ( MAT0057 E MAT0058 ) ) ,
23538,MAT0312,MATEMATICA PARA ENGENHARIA II,90,0,90,( MAT0005 ) OU ( MAT0202 ) OU ( MAT0321 ) OU ( MAT0229 ) OU ( MAT0059 E MAT0060 ) OU ( MAT0346 ) OU ( MAT0341 ) OU ( ECT1202 ) OU ( ECT1212 ) ,( MAT0228 OU MAT0311 OU MAT0318 ) OU ( MAT0057 E MAT0058 ) OU ( MAT0345 ) OU ( MAT0340 ) OU ( IMD0024 ) ,
23553,EST0323,ESTATISTICA APLICADA A ENGENHARIA I,60,0,60,( EST0314 ) OU ( EST0313 ) OU ( EST0317 ) OU ( EST0312 ) OU ( PRO1005 ) OU ( ECT1301 ) OU ( EST0311 ) OU ( EST0062 E EST0115 E EST0116 ) OU ( EST0062 E EST0067 ) ,( ( MAT0311 ) OU ( MAT0005 ) ) ,
23557,MAT0314,MATEMATICA PARA ENGENHARIA III,90,0,90,( MAT0061 OU MAT0049 ) OU ( DCA0429 ) OU ( MAT0342 ) OU ( MAT0347 ) OU ( ELE0581 ) OU ( PRO1002 OU MAT0024 ) OU ( MAT0232 ) ,( MAT0312 ) ,
23558,DIM0404,CALCULO NUMERICO PARA CIENCIA DA COMPUTACAO,60,0,60,( DIM0040 ) ,( ( MAT0312 OU MAT0346 ) E ( MAT0343 ) ) OU ( MAT0312 E MAT0309 ) ,
25561,FIS0311,MECANICA CLASSICA,90,0,90,( FIS0001 E FIS0002 ) OU ( FIS0103 ) OU ( FIS0701 ) OU ( FIS0601 ) OU ( ECT1214 ) OU ( ECT2204 ) OU ( FIS0801 ) ,,( ( MAT0023 ) OU ( MAT0311 ) OU ( MAT0228 ) OU ( MAT0058 ) OU ( MAT0318 ) OU ( MAT0345 ) OU ( MAT0340 ) OU ( PRO1001 ) ) 
25764,DIM0345,EMPREENDEDORISMO,60,0,60,( PRO0207 ) E ( PRO0208 OU PRO0209 OU PRO0210 ) ,,
26528,DAN0012,CULTURA E MEIO AMBIENTE,60,0,60,,,
26904,DIM0024,SEMINARIO DE COMPUTACAO,30,0,30,,,
26908,DIM0036,TOPICOS ESPECIAIS EM COMPUTACAO,45,15,60,,,
26915,DIM0090,TOPICOS ESPECIAIS EM COMPUTACAO I,30,0,30,,,
26916,DIM0091,TOPICOS ESPECIAIS EM COMPUTACAO II,30,0,30,,,
26917,DIM0092,TOPICOS ESPECIAIS EM COMPUTACAO III,30,0,30,,,
26918,DIM0093,TOPICOS ESPECIAIS EM COMPUTACAO IV,30,0,30,,,
26919,DIM0094,TOPICOS ESPECIAIS EM COMPUTACAO V,30,0,30,,,
26920,DIM0095,TOPICOS ESPECIAIS EM COMPUTACAO VI,60,0,60,,,
26921,DIM0096,TOPICOS ESPECIAIS EM COMPUTACAO VII,60,0,60,,,
26922,DIM0097,TOPICOS ESPECIAIS EM COMPUTACAO VIII,60,0,60,,,
26923,DIM0098,TOPICOS ESPECIAIS EM COMPUTACAO IX,60,0,60,,,
26924,DIM0099,TOPICOS ESPECIAIS EM COMPUTACAO X,60,0,60,,,
26928,DIM0311,TOPICOS ESPECIAIS EM ENGENHARIA DE COMPUTACAO I,30,0,30,,,
26929,DIM0312,TOPICOS ESPECIAIS EM ENGENHARIA DE COMPUTACAO II,60,0,60,,,
26930,DIM0333,ELEM.DE PESQ.OPER.APLIC. A INDUST.DO PETROLEO,60,0,60,,( IMD0029 OU DIM0119 ) ,
26931,DIM0340,FORMACAO HUMANISTICA EM COMPUTACAO,30,0,30,,,
26934,DIM0401,SEMINARIOS DE CC,0,30,30,,,
27733,HIS0037,HISTORIA INDIGENA NO BRASIL,30,30,60,( HST3503 ) ,,
40136,DIM0445,COMPUTABILIDADE,60,0,60,,( ( DIM0049 ) OU ( DIM0439 ) ) ,
42066,LEM2020,INGLÊS PARA FINS ACADÊMICOS I,60,0,60,( LET0029 ) OU ( LET0040 ) ,,
42067,LEM2021,INGLÊS PARA FINS ACADÊMICOS II,60,0,60,( LET0030 ) OU ( LET0041 ) ,LEM2020 ,
43193,DAN0007,ANTROPOLOGIA AFRO-BRASILEIRA,45,15,60,,,
43523,DIM0453,TREINAMENTO AVANCADO PARA COMPETICOES DE PROGRAMACAO,30,30,60,,( DIM0110 ) OU ( DIM0410 ) ,
46256,FPE0087,LÍNGUA BRASILEIRA DE SINAIS - LIBRAS,45,15,60,( EDU0087 OU EDE0200 OU LET0568 ) ,,
47074,ECT1564,GESTÃO ESTRATÉGICA,60,0,60,,,
51457,ICE1024,FUNDAMENTOS DE BIOINFORMÁTICA,60,0,60,( ( DBG0037 ) E ( DBF0112 ) E ( DIM0420 ) ) ,,
52536,IMD0011,CIRCUITOS LÓGICOS,60,30,90,( DIM0109 ) OU ( DIM0402 E DIM0403 ) OU ( DCA0202 ) OU ( ELE0424 ) OU ( DCA0101 E DCA0102 ) ,,( IMD0012 ) 
52650,IMD0012,INTRODUÇÃO ÀS TÉCNICAS DE PROGRAMAÇÃO,90,0,90,( DIM0108 ) OU ( IMD1000 ) OU ( DIM0118 ) OU IMD1012 OU DIM0133 ,( IMD0019 OU IMD1004 OU DIM0123 ) ,
52662,IMD0024,CÁLCULO DIFERENCIAL E INTEGRAL I,90,0,90,MAT0311 OU MAT0318 OU MAT0345 OU MAT0228 OU MAT0004 OU MAT0340 OU ( MAT0057 E MAT0058 ) OU ECT1102 OU MAT0023 ,( IMD0019 OU IMD1001 ) ,
52664,IMD0033,PROBABILIDADE,60,0,60,DIM0132 OU EST0322 OU ( EST0032 E EST0033 ) OU ( DCT1305 E BSI1305 ) ,IMD0024 E ( IMD1002 OU IMD0019 ) ,
52665,IMD0034,VETORES E GEOMETRIA ANALÍTICA,60,0,60,( ECT1112 E ECT1211 ) OU ( ECT2102 ) OU ( MAT0230 ) ,( IMD0019 OU IMD1001 ) ,
52666,IMD0036,SISTEMAS OPERACIONAIS,60,0,60,DIM0432 OU DCA0108 OU DIM0615 OU IMD0042 OU DIM0131 ,( IMD0021 OU IMD0041 OU IMD0121 OU DIM0127 OU DIM0431 OU DCA0104 ) ,
52672,IMD0308,SISTEMAS EMBARCADOS DE TEMPO REAL,60,0,60,,( IMD0036 OU IMD0042 ) E ( IMD0323 ) ,
52673,IMD0309,INSTRUMENTAÇÃO ELETROELETRÔNICA,30,30,60,,( IMD0320 ) ,
52680,IMD0402,DESIGN DE SOFTWARE I,60,0,60,( IMD0423 ) ,,
52681,IMD0411,INTRODUÇÃO À GOVERNANÇA E GESTÃO DE TI,60,0,60,,IMD0405 ,
52682,IMD0406,PROTOCOLO E SERVIÇOS DE INTERNET,30,0,30,,( IMD0043 ) ,
52683,IMD0407,DESIGN DE SOFTWARE II,60,0,60,DIM0504 ,,
52684,IMD0408,PROCESSOS DE SOFTWARE,60,0,60,( DIM0510 ) ,,( IMD0407 ) 
52685,IMD0405,FUNDAMENTOS DE SISTEMAS DE INFORMAÇÃO,60,0,60,( ADM0058 ) ,,
52686,IMD0415,GESTÃO DE INFRAESTRUTURA DE TI,60,0,60,,,
52687,IMD0416,SEGURANÇA DA INFORMAÇÃO,60,0,60,,IMD0405 ,
52688,IMD0417,GESTÃO DE PROJETOS DE SOFTWARE,60,0,60,,IMD0408 ,
52689,IMD0501,FUNDAMENTOS PEDAGÓGICOS PARA A INFORMÁTICA EDUCACIONAL,60,0,60,,,
52690,IMD0502,PROCESSO DE DESENVOLVIMENTO DE SOFTWARE EDUCACIONAL,60,0,60,( DIM0510 ) ,,
52691,IMD0503,LEVANTAMENTO E MODELAGEM DE REQUISITOS,60,0,60,DIM0511 ,,
52692,IMD0504,"RELAÇÕES ENTRE COMUNICAÇÃO, MÍDIA E EDUCAÇÃO",60,0,60,,,
52693,IMD0505,DESIGN DA INTERAÇÃO HUMANO-COMPUTADOR,60,0,60,DIM0508 ,,
52694,IMD0506,SISTEMAS COLABORATIVOS DE APOIO À APRENDIZAGEM,45,15,60,,,
52697,IMD0510,ACESSIBILIDADE DIGITAL,45,15,60,,,
52698,IMD0511,INTELIGÊNCIA ARTIFICIAL APLICADA À EDUCAÇÃO,60,0,60,,,
52699,IMD0512,AVALIAÇÃO DA INTERAÇÃO HUMANO-COMPUTADOR,45,15,60,,,
52700,IMD0513,EMPREENDEDORISMO,60,0,60,DIM0345 ,,
52702,IMD0515,TÓPICOS ESPECIAIS EM INFORMÁTICA EDUCACIONAL I,60,0,60,,,
52788,IMD0412,INTRODUÇÃO AO TESTE DE SOFTWARE,60,0,60,DIM0507 ,( IMD0035 ) OU ( ( IMD0040 ) E ( IMD0423 OU IMD0503 ) ) ,
52789,IMD0404,DESENVOLVIMENTO DE SISTEMAS WEB I,30,30,60,( DIM0546 ) ,( IMD0030 OU DCA1202 ) ,
52790,IMD0401,BANCO DE DADOS,45,15,60,( DIM0434 ) OU ( DIM0114 ) ,IMD0040 OU DIM0116 OU DCA1202 ,
52791,IMD0409,DESENVOLVIMENTO DE SISTEMAS WEB II,30,30,60,( DIM0547 ) ,,( IMD0404 ) 
52792,IMD0403,PROGRAMAÇÃO COM BANCO DE DADOS,30,30,60,,IMD0401 ,
52793,IMD0413,DESENVOLVIMENTO PARA AMBIENTE DESKTOP,30,30,60,,( IMD0040 ) ,
52794,IMD0509,DESENVOLVIMENTO PARA DISPOSITIVOS MÓVEIS,30,30,60,,IMD0040 OU DCA1202 ,
52795,IMD0410,PROGRAMAÇÃO CONCORRENTE E DISTRIBUÍDA,45,15,60,( DIM0542 E DIM0502 ) OU ( DIM0553 E DIM0502 ) ,( ( IMD0032 ) E ( IMD0031 ) ) OU ( ( IMD0040 ) E ( IMD0043 ) E ( IMD0042 OU IMD0036 OU DIM0615 ) ) ,
52796,IMD0414,SISTEMA DE INFORMAÇÃO DISTRIBUÍDO,45,15,60,,IMD0410 ,
52811,DIM0550,MÉTODOS EXPERIMENTAIS EM ENGENHARIA DE SOFTWARE,40,20,60,,IMD0033 OU DIM0132 OU EST0323 ,
52813,DIM0548,ENGENHARIA DE LINGUAGENS,40,20,60,,( IMD0039 OU DIM0117 ) E ( IMD0040 OU DIM0016 ) ,
52866,DIM0549,GRAFOS,60,0,60,( DIM0412 ) ,( IMD0039 OU DIM0117 ) OU ( DCA0204 E DCA0434 ) ,
52867,DIM0546,DESENVOLVIMENTO DE SISTEMAS WEB I,40,20,60,( IMD0404 ) OU ( DIM0543 ) OU ( DIM0513 ) ,( IMD0030 ) OU ( DIM0120 ) ,
52870,DIM0547,DESENVOLVIMENTO DE SISTEMAS WEB II,45,15,60,( IMD0409 ) ,( DIM0546 OU IMD0404 ) E ( IMD0040 OU DIM0116 ) ,
52972,DIM0601,FUNDAMENTOS MATEMÁTICOS DA COMPUTAÇÃO III,60,30,90,,IMD0038 OU DIM0121 ,
52973,DIM0605,PROJETO E ANÁLISE DE ALGORITMOS,60,0,60,( DIM0406 ) ,( DIM0549 ) ,
52974,DIM0606,LINGUAGENS FORMAIS E AUTÔMATOS,60,0,60,( DIM0439 ) ,( DIM0601 ) OU ( DIM0323 ) OU ( DIM0422 ) OU ( MAT0227 ) OU ( DCA0100 ) OU ( DIM0450 ) ,
52975,DIM0610,LÓGICA COMPUTACIONAL,60,0,60,,DIM0601 ,
52990,DIM0611,COMPILADORES,60,30,90,( DIM0442 ) ,( DIM0437 E DIM0606 ) ,
52995,IMD0418,ATIVIDADES COMPLEMENTARES DE SISTEMAS DE INFORMAÇÃO DE GESTÃO,90,0,90,,,
52996,IMD0516,TÓPICOS ESPECIAIS EM INFORMÁTICA  EDUCACIONAL II,60,0,60,,,
53193,LET0508,HISTÓRIA E CULTURA AFRO-BRASILEIRA E INDÍGENA,60,40,100,,,
55019,IMD0017,PRÁTICAS DE LEITURA E ESCRITA EM PORTUGUÊS I,30,0,30,( IMD0016 OU ECT1105 OU ECT2105 ) ,,
55020,IMD0018,PRÁTICAS DE LEITURA EM INGLÊS,30,0,30,( IMD0037 OU ECT1307 OU ECT2305 ) ,,
55021,IMD0027,PRÁTICAS DE LEITURA E ESCRITA EM PORTUGUÊS II,30,0,30,( IMD0026 OU ECT1205 OU ECT2205 ) ,( IMD0017 ) ,
55022,IMD0028,FUNDAMENTOS MATEMÁTICOS DA COMPUTAÇÃO I,60,30,90,( IMD0013 OU DIM0400 OU DIM0115 ) ,( IMD0019 ) OU ( IMD1001 E IMD1002 E IMD1003 ) ,
55023,IMD0029,ESTRUTURA DE DADOS BÁSICAS I,60,0,60,( DIM0110 ) OU ( IMD0022 ) OU ( DIM0119 ) ,IMD0012 OU DIM0118 OU IMD1012 OU DIM0133 ,
55024,IMD0030,LINGUAGEM DE PROGRAMAÇÃO I,0,60,60,( DIM0110 ) OU ( IMD0025 ) OU ( DIM0120 ) ,IMD0012 OU DIM0118 OU IMD1012 OU DIM0133 ,
55025,IMD0038,FUNDAMENTOS MATEMÁTICOS DA COMPUTAÇÃO II,60,30,90,( DIM0450 OU IMD0023 OU DIM0121 ) ,( IMD0028 ) ,
55026,IMD0039,ESTRUTURAS DE DADOS BÁSICAS II,60,0,60,( DIM0111 ) OU ( IMD0032 ) OU ( DIM0117 ) ,( IMD0029 OU DIM0119 ) ,( IMD0040 OU DIM0116 ) 
55027,IMD0040,LINGUAGEM DE PROGRAMAÇÃO II,0,60,60,( DIM0111 ) OU ( IMD0035 ) OU ( DIM0116 ) ,( IMD0030 OU DIM0120 ) ,( IMD0039 OU DIM0117 ) 
55028,IMD0043,REDES DE COMPUTADORES,45,15,60,( DIM0438 OU IMD0031 ) OU ( DCA0113 ) ,( IMD0021 OU IMD0041 OU IMD0121 OU DCA0104 ) ,
55036,IMD0319,TEORIA DE CIRCUITOS ELÉTRICOS,60,0,60,( DCA0105 ) ,( IMD0024 OU ECT1113 ) ,
55037,IMD0323,METODOLOGIAS DE PROJETOS EM SISTEMAS EMBARCADOS,30,30,60,,,
55038,IMD0321,PROJETOS BASEADOS EM MICROCONTROLADORES,30,30,60,( DCA0444 ) ,( IMD0012 ) ,( IMD0021 OU IMD0041 ) 
55039,IMD0322,SISTEMAS DIGITAIS RECONFIGURÁVEIS,60,30,90,( DCA0119 ) ,( IMD0011 ) ,
55040,IMD0320,CIRCUITOS ELETRÔNICOS,60,30,90,( DCA0203 ) ,( IMD0319 ) ,
55041,IMD0325,INTRODUÇÃO A SISTEMAS DE CONTROLE,60,0,60,( DCA0103 ) ,( IMD0034 ) OU ( IMD0319 ) ,
55042,IMD0330,REDES DE COMUNICAÇÃO EM SISTEMAS EMBARCADOS,30,30,60,,( IMD0043 E IMD0011 ) ,
55043,IMD0328,TÉCNICAS DE PROTOTIPAÇÃO E MONTAGEM DE CIRCUITOS E SISTEMAS ELETRÔNICOS,15,45,60,,,
55044,IMD0326,PROCESSAMENTO DIGITAL DE SINAIS,60,0,60,( DCA0453 OU DCA0423 ) ,( IMD0034 ) E ( IMD0319 ) ,
55045,IMD0331,DESENVOLVIMENTO EM PLATAFORMAS EMBARCADAS,30,30,60,,,
55047,IMD0333,PROJETO DE SOFTWARE E TESTES EM SISTEMAS EMBARCADOS,60,0,60,,( IMD0323 ) ,
55048,IMD0334,SENSORES INTELIGENTES,60,0,60,,( IMD0330 ) ,
55049,IMD0335,TÓPICOS ESPECIAIS I,60,0,60,,,
55050,IMD0336,TÓPICOS ESPECIAIS II,60,0,60,,,
55051,IMD0337,TI VERDE,60,0,60,,,
55052,IMD0419,COMPUTAÇÃO EM NUVEM,45,15,60,,,
55053,IMD0420,TÓPICOS AVANÇADOS EM GOVERNANÇA DE TI,30,30,60,,( IMD0411 ) ,
55054,IMD0421,GESTÃO DA MUDANÇA ORGANIZACIONAL,45,15,60,,( IMD0405 ) ,
55055,IMD0517,FUNDAMENTOS PEDAGÓGICOS PARA A INFORMÁTICA EDUCACIONAL I,60,0,60,( IMD0501 ) ,,
55056,IMD0518,FUNDAMENTOS PEDAGÓGICOS PARA A INFORMÁTICA EDUCACIONAL II,60,0,60,,,
55057,IMD0519,APRENDIZAGEM BASEADA EM PROJETOS,60,0,60,,,
55058,IMD0520,DESIGN INSTRUCIONAL PARA TI,60,0,60,,( IMD0518 ) ,
55059,IMD0521,FUNDAMENTOS DE JOGOS DIGITAIS,60,0,60,,,
55060,IMD0522,JOGOS DIGITAIS COMO FERRAMENTA PEDAGÓGICA,60,0,60,,,
55061,IMD0602,FERRAMENTAS PARA ANÁLISE DE SEQUÊNCIAS,30,30,60,,ICE1024 ,
55062,IMD0603,TECNOLOGIAS EM LARGA ESCALA I,0,60,60,,ICE1024 ,
55074,IMD0422,SISTEMAS DE INTELIGÊNCIA EMPRESARIAL,45,15,60,,( IMD0405 ) ,
55082,IMD0020,TECNOLOGIA DA INFORMAÇÃO E SOCIEDADE,30,0,30,( IMD0015 ) OU ( ECT2106 ) ,,
55083,IMD0423,DESIGN DE SOFTWARE I,90,0,90,( IMD0503 E IMD0505 ) OU ( IMD0402 ) ,,
55084,IMD0523,TECNOLOGIAS EDUCACIONAIS,60,0,60,( IMD0507 ) ,,
55085,IMD0524,EDUCAÇÃO A DISTÂNCIA,60,0,60,( IMD0508 ) ,,
55094,IMD0324,PROJETO INTEGRADO I,30,0,60,,,
55095,IMD0327,PROJETO INTEGRADO II,30,0,60,,( IMD0324 ) ,
55096,IMD0329,PROJETO INTEGRADO III,60,0,90,,( IMD0327 ) ,( IMD0308 E IMD0328 ) 
55325,MAT0309,ALGEBRA LINEAR PARA COMPUTAÇÃO,60,0,60,,( IMD0034 ) ,
55369,DIM0612,PROGRAMAÇÃO CONCORRENTE,60,0,60,( DIM0542 ) OU ( DIM0124 ) ,( IMD0042 E IMD0040 ) OU ( ( DIM0500 OU ( DIM0431 E DIM0432 E DIM0438 ) ) E DIM0108 ) ,
55370,DIM0613,INTELIGENCIA ARTIFICIAL,60,0,60,,( DIM0601 E EST0323 ) ,
55371,DIM0614,PROGRAMAÇÃO DISTRIBUÍDA,60,0,60,( DIM0444 ) OU ( DIM0502 ) ,( IMD0040 OU DIM0116 ) E ( IMD0043 OU DIM0438 ) ,
55372,DIM0616,SISTEMAS EMBARCADOS,60,0,60,( DIM0407 ) ,( DIM0615 ) ,
55939,DBG0047,GENETICA,45,15,60,,,
55940,DBG0048,EVOLUÇÃO,45,15,60,,,
56269,IMD0044,PRÁTICAS DE LEITURA E ESCRITA EM INGLÊS,45,15,60,,IMD0018 ,
57806,IMD0100,TÓPICOS ESPECIAIS EM TECNOLOGIA DA INFORMAÇÃO I,90,0,90,,,
57807,IMD0101,TÓPICOS ESPECIAIS EM TECNOLOGIA DA INFORMAÇÃO II,60,0,60,,,
59413,DBQ0044,INTRODUÇÃO À BIOLOGIA DE SISTEMAS,30,30,60,,,
59634,DAN0024,"DIREITOS HUMANOS, DIVERSIDADE CULTURAL E RELAÇÕES ÉTNICO-RACIAIS",60,0,60,,,
59732,IMD0102,TÓPICOS ESPECIAIS EM TECNOLOGIA DA INFORMAÇÃO III,60,0,60,,,
59733,IMD0103,TÓPICOS ESPECIAIS EM TECNOLOGIA DA INFORMAÇÃO IV,60,0,60,,,
59734,IMD0104,TÓPICOS ESPECIAIS EM TECNOLOGIA DA INFORMAÇÃO V,60,0,60,,,
59735,IMD0105,TÓPICOS ESPECIAIS EM TECNOLOGIA DA INFORMAÇÃO VI,60,0,60,,,
59736,IMD0106,TÓPICOS ESPECIAIS EM TECNOLOGIA DA INFORMAÇÃO VII,60,0,60,,,
59737,IMD0107,TÓPICOS ESPECIAIS EM TECNOLOGIA DA INFORMAÇÃO VIII,60,0,60,,,
59738,IMD0108,TÓPICOS ESPECIAIS EM TECNOLOGIA DA INFORMAÇÃO IX,30,0,30,,,
59739,IMD0109,TÓPICOS ESPECIAIS EM TECNOLOGIA DA INFORMAÇÃO X,30,0,30,,,
61083,IMD0250,"TÓPICOS ESPECIAIS EM INFORMÁTICA EDUCACIONAL ""A""",60,0,60,,,
61084,IMD0251,"TÓPICOS ESPECIAIS EM INFORMÁTICA EDUCACIONAL ""B""",60,0,60,,,
61085,IMD0252,"TÓPICOS ESPECIAIS EM INFORMÁTICA EDUCACIONAL ""C""",60,0,60,,,
61086,IMD0253,"TÓPICOS ESPECIAIS EM INFORMÁTICA EDUCACIONAL ""D""",60,0,60,,,
61087,IMD0254,"TÓPICOS ESPECIAIS EM INFORMÁTICA EDUCACIONAL ""E""",60,0,60,,,
61093,IMD0255,"TÓPICOS ESPECIAIS EM INFORMÁTICA EDUCACIONAL ""F""",60,0,60,,,
61094,IMD0256,"TÓPICOS ESPECIAIS EM INFORMÁTICA EDUCACIONAL ""G""",60,0,60,,,
61095,IMD0240,"TÓPICOS ESPECIAIS EM SISTEMAS DE INFORMAÇÃO DE GESTÃO ""A""",60,0,60,,,
61096,IMD0241,"TÓPICOS ESPECIAIS EM SISTEMAS DE INFORMAÇÃO DE GESTÃO ""B""",60,0,60,,,
61097,IMD0242,"TÓPICOS ESPECIAIS EM SISTEMAS DE INFORMAÇÃO DE GESTÃO ""C""",60,0,60,,,
61098,IMD0243,"TÓPICOS ESPECIAIS EM SISTEMAS DE INFORMAÇÃO DE GESTÃO ""D""",60,0,60,,,
61099,IMD0244,"TÓPICOS ESPECIAIS EM SISTEMAS DE INFORMAÇÃO DE GESTÃO ""E""",60,0,60,,,
61100,IMD0245,"TÓPICOS ESPECIAIS EM SISTEMAS DE INFORMAÇÃO DE GESTÃO ""F""",60,0,60,,,
61101,IMD0246,"TÓPICOS ESPECIAIS EM SISTEMAS DE INFORMAÇÃO DE GESTÃO ""G""",60,0,60,,,
61102,IMD0230,"TÓPICOS ESPECIAIS EM SISTEMAS EMBARCADOS ""A""",60,0,60,,,
61103,IMD0231,"TÓPICOS ESPECIAIS EM SISTEMAS EMBARCADOS ""B""",60,0,60,,,
61104,IMD0232,"TÓPICOS ESPECIAIS EM SISTEMAS EMBARCADOS ""C""",60,0,60,,,
61105,IMD0233,"TÓPICOS ESPECIAIS EM SISTEMAS EMBARCADOS ""D""",60,0,60,,,
61106,IMD0234,"TÓPICOS ESPECIAIS EM SISTEMAS EMBARCADOS ""E""",60,0,60,,,
61107,IMD0235,"TÓPICOS ESPECIAIS EM SISTEMAS EMBARCADOS ""F""",60,0,60,,,
61108,IMD0236,"TÓPICOS ESPECIAIS EM SISTEMAS EMBARCADOS ""G""",60,0,60,,,
61109,IMD0260,"TÓPICOS ESPECIAIS EM BIOINFORMÁTICA ""A""",60,0,60,,,
61110,IMD0261,"TÓPICOS ESPECIAIS EM BIOINFORMÁTICA ""B""",60,0,60,,,
61111,IMD0262,"TÓPICOS ESPECIAIS EM BIOINFORMÁTICA ""C""",60,0,60,,,
61112,IMD0263,"TÓPICOS ESPECIAIS EM BIOINFORMÁTICA ""D""",60,0,60,,,
61113,IMD0264,"TÓPICOS ESPECIAIS EM BIOINFORMÁTICA ""E""",60,0,60,,,
61114,IMD0265,"TÓPICOS ESPECIAIS EM BIOINFORMÁTICA ""F""",60,0,60,,,
61115,IMD0266,"TÓPICOS ESPECIAIS EM BIOINFORMÁTICA ""G""",60,0,60,,,
61116,IMD0270,"TÓPICOS ESPECIAIS EM REDES DE COMPUTADORES ""A""",60,0,60,,,
61117,IMD0271,"TÓPICOS ESPECIAIS EM REDES DE COMPUTADORES ""B""",60,0,60,,,
61118,IMD0272,"TÓPICOS ESPECIAIS EM REDES DE COMPUTADORES ""C""",60,0,60,,,
61119,IMD0273,"TÓPICOS ESPECIAIS EM REDES DE COMPUTADORES ""D""",60,0,60,,,
61120,IMD0274,"TÓPICOS ESPECIAIS EM REDES DE COMPUTADORES ""E""",60,0,60,,,
61121,IMD0275,"TÓPICOS ESPECIAIS EM REDES DE COMPUTADORES ""F""",60,0,60,,,
61122,IMD0276,"TÓPICOS ESPECIAIS EM REDES DE COMPUTADORES ""G""",60,0,60,,,
61129,IMD0701,ADMINISTRAÇÃO DE SISTEMAS OPERACIONAIS PARA REDES,60,0,60,,,
61130,IMD0705,PRINCÍPIOS DE LEGISLAÇÃO APLICÁVEIS À TECNOLOGIA DA INFORMAÇÃO E COMUNICAÇÃO DE DADOS,30,0,30,,,
61132,IMD0822,PROJETO DE INOVAÇÃO TECNOLÓGICA,30,30,60,,IMD0040 OU DCA1202 ,
62381,DBQ0047,QUÍMICA GERAL E ORGÂNICA,45,15,60,,,
62382,DBQ0048,FUNDAMENTOS DE BIOQUÍMICA E BIOLOGIA MOLECULAR,75,15,90,,,
62886,IMD0702,SERVIÇOS DE REDE E TRANSPORTE,30,30,60,,,
62887,IMD0703,SEGURANÇA DE REDES,30,30,60,,,
62888,IMD0704,ADMINISTRAÇÃO DE SERVIÇOS DE REDES PARA INTERNET,15,45,60,,,
63824,ITE0001,FUNDAMENTOS DAS TECNOLOGIAS EDUCACIONAIS,30,15,45,,,
63825,ITE0002,METODOLOGIAS INOVADORAS DE ENSINO E APRENDIZAGEM,30,15,45,,,
63838,ITE0004,RACIOCÍNIO LÓGICO E RESOLUÇÃO DE PROBLEMAS,30,15,45,,,
63932,IMD0707,TECNOLOGIAS DE COMUNICAÇÃO DE DADOS,0,60,60,,IMD0043 ,
63933,IMD0708,PROGRAMAÇÃO EM HARDWARE DE REDES,0,60,60,,IMD0029 E IMD0042 E IMD0043 ,
63934,IMD0725,DESENVOLVIMENTO DE PROJETOS DE REDES DE COMPUTADORES,45,15,60,,,
63935,IMD0110,TÓPICOS ESPECIAIS EM TECNOLOGIA DA INFORMAÇÃO XI,30,0,60,,,
63936,IMD0601,BIOESTATÍSTICA,60,0,60,EST0234 ,( IMD0033 OU ECT2207 ) ,
63937,IMD0709,PROJETO INTEGRADOR DE REDES I,0,30,60,,,
64877,DAT0261,TÉCNICAS DE ILUSTRAÇÃO E STORYBOARD,32,28,60,,,
64878,DAT0262,PERSONAGENS E NARRATIVAS PARA JOGOS,28,32,60,,,
64879,DAT0263,ANIMAÇÃO DE MODELOS PARA JOGOS,20,40,60,,,
64923,DIM0122,TECNOLOGIA DA INFORMAÇÃO NA SAÚDE,30,30,60,,,
65101,IMD0712,GERÊNCIA DE REDES,30,30,60,,IMD0043 OU DCA0130 ,
65102,IMD0801,MECÂNICAS E BALANCEAMENTO DE JOGOS,45,15,60,,,
65103,IMD0920,TECNOLOGIA DA INFORMAÇÃO NA SAÚDE,30,30,60,,,
65104,IMD0211,PROGRAMAÇÃO FUNCIONAL,30,30,60,,,
66373,DIM0124,PROGRAMAÇÃO CONCORRENTE,30,30,60,( ( DIM0542 OU DIM0612 ) ) ,( IMD0036 OU DIM0131 OU DIM0615 OU IMD0042 ) E ( IMD0040 OU DIM0116 ) ,
66374,DIM0125,BANCO DE DADOS,60,30,90,( ( DIM0434 OU DIM0541 ) ) ,( IMD0040 OU DIM0116 ) ,
66424,DGN0926,CRIAÇÃO DE MODELOS PARA JOGOS,60,0,60,,,
66426,DGN0927,DESIGN DE INTERFACES PARA JOGOS,60,0,60,,,
66436,IMD1002,ANÁLISE COMBINATÓRIA,30,0,30,IMD0019 OU MAT3023 OU MAT0372 ,,
66437,IMD0121,ARQUITETURA DE COMPUTADORES,30,30,60,DIM0058 OU DIM0431 OU DCA0104 OU DCA0404 OU IMD0041 OU IMD0021 OU DIM0127 ,IMD0012 OU DIM0118 OU IMD1012 OU DIM0133 OU DCA1202 ,
66438,IMD1003,GEOMETRIA EUCLIDIANA,30,0,30,IMD0019 OU MAT1502 OU MAT0349 OU CEA0241 OU LMC0007 ,,
66439,IMD0425,INFRAESTRUTURA WEB,60,0,60,,IMD0404 ,
66440,IMD1004,PENSAMENTO COMPUTACIONAL,30,30,60,( DIM0123 ) OU ( IMD0019 ) ,,
66441,IMD1001,MATEMÁTICA ELEMENTAR,60,0,60,IMD0019 ,,
66443,IMD0424,SEGURANÇA NO DESENVOLVIMENTO DE SOFTWARE,30,30,60,,IMD0407 ,
66444,IMD1012,INTRODUÇÃO ÀS TÉCNICAS DE PROGRAMAÇÃO,60,30,90,( IMD0012 ) OU ( DIM0118 ) OU ( IMD1000 ) OU ( DIM0108 ) OU ( DIM0133 ) ,IMD1004 OU IMD0019 OU DIM0123 ,
66481,IMD0811,MOTORES DE JOGOS DIGITAIS,30,30,60,,IMD0040 OU DCA1202 ,
66482,IMD0605,SEMINÁRIOS EM BIOINFORMÁTICA,30,0,30,,,
66665,IMD0606,PROJETO EM BIOINFORMÁTICA,30,0,120,,ICE1024 ,
68133,DIM0126,INTELIGÊNCIA ARTIFICIAL PARA JOGOS I,30,30,60,,( IMD0033 E IMD0040 ) ,
68447,DBQ0050,BIOINFORMÁTICA ESTRUTURAL,15,45,60,,,
68476,IMD0212,INGLÊS NÍVEL BÁSICO,30,30,60,,IMD0018 ,
68477,IMD0905,CIÊNCIA DE DADOS I,30,30,60,IMD1151 ,( ( IMD0033 OU ECT2207 ) E ( IMD0012 OU DCA1202 ) ) ,
68478,IMD0803,JOGOS SÉRIOS E SIMULAÇÕES,30,30,60,,IMD0030 OU DCA1202 ,
68479,IMD0530,"SOFTWARE LIVRE, EDUCAÇÃO E CULTURA",60,0,60,,,
68482,IMD0531,PRÁTICAS EDUCACIONAIS INOVADORAS COM TECNOLOGIAS DIGITAIS,60,0,60,,,
68509,DBQ0052,INTRODUÇÃO AO R,15,45,60,,,
68510,IMD0821,TÉCNICAS AVANÇADAS PARA MOTORES DE JOGOS DIGITAIS,30,30,60,,IMD0811 ,
69585,IMD0907,TECNOLOGIAS DE COMUNICAÇÃO PARA INTERNET DAS COISAS,30,30,60,,,
69586,IMD0904,PLATAFORMAS DE HARDWARE PARA INTERNET DAS COISAS,30,30,60,,,
69587,IMD0902,INTRODUÇÃO A INTERNET DAS COISAS,30,30,60,,,
69588,IMD0903,DISPOSITIVOS PARA INTERNET DAS COISAS,30,30,60,,,
69589,IMD0911,APLICAÇÕES EM INTERNET DAS COISAS,30,30,60,,,
69590,IMD0910,SEGURANÇA E PRIVACIDADE EM INTERNET DAS COISAS,30,30,60,,,
69591,IMD0908,COMPUTAÇÃO ELÁSTICA PARA INTERNET DAS COISAS,30,30,60,,,
69592,IMD0290,TÓPICOS ESPECIAIS EM INTERNET DAS COISAS A,30,30,60,,,
69593,IMD0291,TÓPICOS ESPECIAIS EM INTERNET DAS COISAS B,30,30,60,,,
69594,IMD0292,TÓPICOS ESPECIAIS EM INTERNET DAS COISAS C,30,30,60,,,
69595,IMD0293,TÓPICOS ESPECIAIS EM INTERNET DAS COISAS D,30,30,60,,,
69596,IMD0294,TÓPICOS ESPECIAIS EM INTERNET DAS COISAS E,0,30,30,,,
69597,IMD0295,TÓPICOS ESPECIAIS EM INTERNET DAS COISAS F,0,30,30,,,
69598,IMD0912,METODOLOGIA DE PROJETO DE IOT,30,30,60,,,
69599,IMD0525,ANÁLISE COMPUTACIONAL DA APRENDIZAGEM,30,30,60,,,
69600,IMD0526,AVALIAÇÃO DE SOFTWARE EDUCACIONAL,30,30,60,,,
69601,IMD0607,MODELAGEM E SIMULAÇÃO COMPUTACIONAL,30,30,60,,,
69602,IMD0802,DESIGN DE NÍVEIS DE JOGOS,60,0,60,,IMD0801 ,
69603,IMD0812,JOGOS EM REDE MULTIUSUÁRIOS,30,30,60,,IMD0040 OU DCA1202 ,
69604,IMD0814,INTELIGÊNCIA ARTIFICIAL PARA JOGOS II,30,30,60,,DIM0126 ,
69605,IMD0813,PROJETO INTEGRADO DE PRODUÇÃO DE JOGOS,0,30,60,,( ( IMD0801 ) E ( IMD0811 ) ) ,
69606,IMD0280,TÓPICOS ESPECIAIS EM PRODUÇÃO DE JOGOS DIGITAIS A,30,30,60,,,
69607,IMD0281,TÓPICOS ESPECIAIS EM PRODUÇÃO DE JOGOS DIGITAIS B,30,30,60,,,
69608,IMD0282,TÓPICOS ESPECIAIS EM PRODUÇÃO DE JOGOS DIGITAIS C,30,30,60,,,
69609,IMD0283,TÓPICOS ESPECIAIS EM PRODUÇÃO DE JOGOS DIGITAIS D,30,30,60,,,
69610,IMD0284,TÓPICOS ESPECIAIS EM PRODUÇÃO DE JOGOS DIGITAIS E,0,30,30,,,
69611,IMD0285,TÓPICOS ESPECIAIS EM PRODUÇÃO DE JOGOS DIGITAIS F,0,30,30,,,
69612,IMD1101,APRENDIZADO DE MÁQUINA,30,30,60,IMD1111 ,IMD0033 OU EST0109 OU ECT2207 ,
69613,IMD1102,OTIMIZAÇÃO HEURÍSTICA,30,30,60,DIM0140 ,IMD0040 OU DCA1202 ,
69614,IMD1103,APRENDIZADO POR REFORÇO,30,30,60,,IMD1101 ,
69615,IMD1104,APRENDIZADO PROFUNDO,30,30,60,,IMD1101 ,
69616,IMD1105,METAHEURÍSTICAS,30,30,60,,IMD0040 OU DCA1202 ,
69617,IMD1106,CIÊNCIA DE DADOS II,30,30,60,,,
69618,IMD1107,PROCESSAMENTO DE LINGUAGEM NATURAL,45,15,60,( DIM0135 ) ,( ( ( DIM0132 ) OU ( IMD0033 ) OU ( ECT1301 ) ) E ( ( DIM0117 ) OU ( IMD0039 ) OU ( DCA0204 ) ) ) OU ( IMD1101 ) ,
69619,IMD1120,TÓPICOS ESPECIAIS EM INTELIGÊNCIA COMPUTACIONAL A,30,30,60,,,
69620,IMD1121,TÓPICOS ESPECIAIS EM INTELIGÊNCIA COMPUTACIONAL B,30,30,60,,,
69621,IMD1122,TÓPICOS ESPECIAIS EM INTELIGÊNCIA COMPUTACIONAL C,30,30,60,,,
69622,IMD1123,TÓPICOS ESPECIAIS EM INTELIGÊNCIA COMPUTACIONAL D,30,30,60,,,
69623,IMD1124,TÓPICOS ESPECIAIS EM INTELIGÊNCIA COMPUTACIONAL E,0,30,30,,,
69624,IMD1125,TÓPICOS ESPECIAIS EM INTELIGÊNCIA COMPUTACIONAL F,0,30,30,,,
69663,DIM0136,TRATAMENTO DE EXCEÇÕES,40,20,60,,DIM0116 OU IMD0040 ,
69664,DIM0137,BANCOS DE DADOS NÃO RELACIONAIS,30,30,60,,( DIM0125 OU DIM0541 OU IMD0401 OU DIM0114 ) E ( DIM0546 OU IMD0404 ) ,
69692,IMD0120,CIRCUITOS LÓGICOS,30,30,60,( DIM0109 ) OU ( DIM0128 ) OU ( DIM0402 E DIM0403 ) OU DCA0202 OU ELE0424 OU IMD0011 ,( ( IMD0121 ) OU ( DIM0127 ) OU ( DIM0431 ) ) ,
69693,IMD0122,ORGANIZAÇÃO DE COMPUTADORES,30,30,60,DIM0129 OU DIM0058 OU DIM0431 OU IMD0021 ,( IMD0120 OU DIM0128 ) E ( IMD0121 OU DIM0127 ) ,
69695,IMD0713,REDES MULTIMIDIA,30,30,60,,IMD0043 ,
69696,IMD0718,FORENSE COMPUTACIONAL,30,30,60,,IMD0043 OU DCA0130 ,
69698,DIM0138,PROJETO DETALHADO DE SOFTWARE,45,15,60,( DIM0600 ) OU ( DIM0506 ) ,IMD0040 OU DIM0116 ,
70883,IMD0710,REDES DE PRÓXIMA GERAÇÃO,15,45,60,,IMD0707 ,
70884,IMD0711,REDES MÓVEIS,60,0,60,,IMD0702 E IMD0707 ,
70885,IMD1108,VISÃO COMPUTACIONAL,30,30,60,DIM0141 ,,
70886,IMD1201,DESENVOLVIMENTO DO PENSAMENTO CRÍTICO E DA CRIATIVIDADE NAS ALTAS HABILIDADES,0,30,60,,,
70926,IMD1130,BANCOS DE DADOS NOSQL,30,30,60,,,
70970,IMD0112,PRÁTICAS DE LEITURA E ESCRITA EM PORTUGUÊS III,60,0,60,ECT1530 ,,
72204,IMD0608,LABORATÓRIO DE MODELAGEM E SIMULAÇÃO COMPUTACIONAL,10,50,60,,IMD0607 ,
72205,IMD1110,PROCESSAMENTO DIGITAL DE IMAGENS,60,0,60,,IMD0034 E IMD0030 E IMD0029 ,
72272,IMD1202,"O MUNDO DA TECNOLOGIAS DA INFORMAÇÃO: ONTEM, HOJE E AMANHÃ",30,0,30,,,
72273,IMD1203,INTERDISCIPLINARIDADE E TRANSVERSALIDADE EM TECNOLOGIA DA INFORMAÇÃO,30,0,30,,,
72274,IMD1204,"PESQUISA, INOVAÇÃO E EMPREENDEDORISMO EM TECNOLOGIA DA INFORMAÇÃO",30,0,30,,,
72275,IMD0527,INTRODUÇÃO À INTERAÇÃO HUMANO-COMPUTADOR,30,30,60,,,
72707,IMD1151,CIÊNCIAS DE DADOS,30,30,60,IMD0905 ,,
72708,IMD1152,COLETA E RASPAGEM DE DADOS,30,30,60,IMD1151 ,,
72709,IMD1153,ANÁLISE VISUAL DE DADOS,30,30,60,,,
72710,IMD1155,ANÁLISE DE REDES,30,30,60,,,
72711,IMD1112,ÉTICA E DADOS,30,30,60,,,
72712,IMD1113,PROBABILIDADE E INFERÊNCIA,30,30,60,IMD0033 ,,
72713,IMD1114,APRENDIZADO PROFUNDO,30,30,60,,IMD1101 ,
72714,IMD1115,PROCESSAMENTO DIGITAL DE IMAGENS,30,30,60,,IMD1101 ,
72715,IMD1116,COMPUTAÇÃO DE ALTO DESEMPENHO,30,30,60,,,
72716,IMD1117,ÁLGEBRA COMPUTACIONAL,30,30,60,,,
72717,IMD1154,MODELAGEM ESTATÍSTICA DE DADOS,30,30,60,,IMD1113 ,
72718,IMD1302,PROCESSO CRIATIVO,15,15,30,,,
72719,IMD1303,ESTUDOS DE MERCADO,30,30,60,,,
72720,IMD1304,BRANDING,30,30,60,,IMD1303 ,
72721,IMD1306,GESTÃO DE PROJETOS E METODOLOGIAS ÁGEIS,30,30,60,,,
72722,IMD1301,EMPREENDEDORISMO E FORMAÇÃO EMPREENDEDORA,30,30,60,( ( IMD0513 ) E ( ECT1553 ) ) ,,
72723,IMD1307,LANÇAMENTO DE STARTUPS I,30,30,60,ECT2601 ,( ( IMD1301 ) E ( IMD1302 ) E ( IMD1303 ) ) ,
72724,IMD1305,GESTÃO E INOVAÇÃO E ATRAÇÃO DE CAPITAL,30,0,30,,( ( IMD1301 ) E ( IMD1302 ) ) ,
72725,IMD1308,LANÇAMENTO DE STARTUPS II,30,30,60,ECT2602 ,IMD1307 ,
72726,IMD1309,TRANSFORMAÇÃO DIGITAL,40,20,60,,,
72727,IMD1310,TÓPICOS ESPECIAIS EM INOVAÇÃO E EMPREENDEDORISMO A,60,0,60,,,
72728,IMD1311,TÓPICOS ESPECIAIS EM INOVAÇÃO E EMPREENDEDORISMO B,60,0,60,,,
72729,IMD1312,TÓPICOS ESPECIAIS EM INOVAÇÃO E EMPREENDEDORISMO C,60,0,60,,,
72730,IMD1313,TÓPICOS ESPECIAIS EM INOVAÇÃO E EMPREENDEDORISMO D,60,0,60,,,
72731,IMD1314,TÓPICOS ESPECIAIS EM INOVAÇÃO E EMPREENDEDORISMO E,60,0,60,,,
72732,IMD1315,TÓPICOS ESPECIAIS EM INOVAÇÃO E EMPREENDEDORISMO F,60,0,60,,,
73512,ECT2610,CULTURA E ECOSSISTEMAS DE INOVAÇÃO,60,0,60,ECT1550 ,ECT2206 ,
73513,ECT2611,PROPRIEDADE INTELECTUAL,30,0,30,,ECT2206 ,
73514,ECT2612,NEGOCIAÇÃO TECNOLÓGICA,30,0,30,,ECT2206 ,
2022853,DIM0109,INTRODUÇÃO A CIRCUITOS LÓGICOS,90,0,90,( DIM0402 E DIM0403 ) OU ( ELE0424 ) OU ( IMD0011 ) OU ( DCA0202 ) OU IMD0120 OU DIM0128 ,,
2040700,DIM0490,TÓPICOS ESPECIAIS EM COMPUTAÇÃO XI,60,0,60,,,
2040701,DIM0491,TÓPICOS ESPECIAIS EM COMPUTAÇÃO XII,60,0,60,,,
2040702,DIM0492,TÓPICOS ESPECIAIS EM COMPUTAÇÃO XIII,60,0,60,,,
2040703,DIM0493,TÓPICOS ESPECIAIS EM COMPUTAÇÃO XVI,60,0,60,,,
2040704,DIM0494,TÓPICOS ESPECIAIS EM COMPUTAÇÃO XV,60,0,60,,,
2040705,DIM0495,TÓPICOS ESPECIAIS EM COMPUTAÇÃO XIV,60,0,60,,,
2040707,DIM0448,QUALIDADE DE SOFTWARE,60,0,60,( DIM0519 ) ,,
2040950,DIM0451,COMPUTAÇÃO GRÁFICA I,60,0,60,( DIM0435 ) OU ( DIM0102 ) OU ( DCA0114 ) ,( DIM0404 ) OU ( IMD0024 E IMD0039 E MAT0309 E IMD0040 ) ,
2041507,ADM0065,RESPONSABILIDADE SOCIOAMBIENTAL,30,0,30,( ADM0516 ) OU ( APS1004 ) ,,
2054904,DIM0501,BOAS PRÁTICAS DE PROGRAMAÇÃO,0,30,30,,,( IMD0040 OU DIM0116 ) 
2054905,DIM0505,LÓGICA APLICADA A ENGENHARIA DE SOFTWARE,60,0,60,( DIM0430 ) ,( IMD0038 OU DIM0121 ) OU ( DCA0100 ) ,
2054906,DIM0504,ANÁLISE E PROJETO ORIENTADO A OBJETOS,60,0,60,( DIM0107 ) ,,( IMD0040 OU DIM0116 ) 
2054911,DIM0507,TESTE DE SOFTWARE I,60,0,60,,( IMD0040 ) OU ( DIM0116 ) ,
2054912,DIM0508,PROJETO DE INTERFACES DE USUÁRIO,30,30,60,,( DIM0120 OU IMD0030 ) ,
2054914,DIM0511,ENGENHARIA DE REQUISITOS,45,15,60,,( DIM0504 ) ,
2054915,DIM0512,TESTE DE SOFTWARE II,60,0,60,,( DIM0507 OU IMD0412 ) ,
2054919,DIM0516,MÉTODOS FORMAIS DE ENGENHARIA DE SOFTWARE,60,0,60,( DIM0419 ) ,DIM0505 OU ( DIM0430 E ( ( DIM0427 E DIM0426 ) OU DIM0110 ) ) OU ( DIM0610 E ( IMD0039 OU DIM0117 ) ) ,
2054921,DIM0517,GERÊNCIA DE CONFIGURAÇÃO E MUDANÇAS,60,0,60,,( DIM0116 OU IMD0040 ) ,
2054922,DIM0518,PLANEJAMENTO E GERENCIAMENTO DE PROJETOS,60,0,60,,( IMD0040 ) OU ( DIM0116 ) ,
2054923,DIM0520,MODELAGEM DE PROCESSOS DE NEGÓCIO,60,0,60,,( DIM0504 ) OU ( DIM0506 OU DIM0600 OU DIM0138 ) ,
2054924,DIM0521,DESENVOLVIMENTO DE SOFTWARE DE TEMPO-REAL,45,15,60,,( IMD0036 OU IMD0042 OU DIM0615 OU DIM0131 ) E ( DIM0600 OU DIM0506 OU DIM0138 ) ,
2054925,DIM0522,LINHAS DE PRODUTO DE SOFTWARE,60,0,60,,( IMD0040 OU DIM0116 ) ,
2054927,DIM0524,DESENVOLVIMENTO DE SISTEMAS PARA DISPOSITIVOS MÓVEIS,60,0,60,,( IMD0040 OU DIM0111 OU DIM0116 ) ,
2054928,DIM0529,DESENVOLVIMENTO EM TIMES,60,0,60,( DIM0314 ) ,,
2054929,DIM0530,DESENVOLVIMENTO DE JOGOS,60,0,60,,( DIM0111 ) ,
2054930,DIM0531,TÓPICOS ESPECIAIS EM ENGENHARIA DE SOFTWARE I,60,0,60,,,
2054931,DIM0532,TÓPICOS ESPECIAIS EM ENGENHARIA DE SOFTWARE II,60,0,60,,,
2054932,DIM0533,TÓPICOS ESPECIAIS EM ENGENHARIA DE SOFTWARE III,60,0,60,,,
2054950,DIM0534,TÓPICOS ESPECIAIS EM ENGENHARIA DE SOFTWARE IV,60,0,60,,,
2054951,DIM0535,TÓPICOS ESPECIAIS EM ENGENHARIA DE SOFTWARE V,60,0,60,,,
2054952,DIM0536,TÓPICOS ESPECIAIS EM ENGENHARIA DE SOFTWARE VI,60,0,60,,,
2054953,DIM0537,TÓPICOS ESPECIAIS EM ENGENHARIA DE SOFTWARE VII,60,0,60,,,
2054954,DIM0538,TÓPICOS ESPECIAIS EM ENGENHARIA DE SOFTWARE VIII,60,0,60,,,
2054955,DIM0539,TÓPICOS ESPECIAIS EM ENGENHARIA DE SOFTWARE IX,30,0,30,,,
2054956,DIM0540,TÓPICOS ESPECIAIS EM ENGENHARIA DE SOFTWARE X,30,0,30,,,
2054957,DIM0502,PROGRAMAÇÃO DISTRIBUÍDA,30,30,60,( DIM0444 ) OU ( DIM0614 ) ,( IMD0042 E IMD0043 ) OU ( DIM0500 ) ,
